nodeId,label,name,category,difficulty,cuisineType,prepTime,cookTime,servings,tips,filePath,description,stepNumber,methods,tools,timeEstimate
d832a041e14944ef,Recipe,手抓饼,早餐,简单,家常菜,,,1-2人份,使用开水与冷水混合和面，有助于提升饼皮柔韧度。 | 面团醒发时间不宜少于20分钟，否则不易擀薄。 | 可根据个人口味增减配料，建议配料总重控制在100克以内。 | 剩余生饼皮可冷藏保存24小时，使用时回温擀平即可。,Dish/breakfast/手抓饼.md,,,,,
f630e61f49f7d9b7,Ingredient,普通面粉,,,,,,,,,,,,,
ed5e59e62e79f897,Ingredient,开水,,,,,,,,,,,,,
b583c338842ea3b6,Ingredient,冷水,,,,,,,,,,,,,
591bba36f3a09e1c,Ingredient,食用油,,,,,,,,,,,,,
012f941f126fbf2c,Ingredient,盐,,,,,,,,,,,,,
8d8c7cfe7130f3a0,Ingredient,鸡蛋,,,,,,,,,,,,,
995c841a0a421851,Ingredient,生菜,,,,,,,,,,,,,
2147e1d8b2d98497,Ingredient,火腿,,,,,,,,,,,,,
d09118e47e3543f4,Ingredient,芝士片,,,,,,,,,,,,,
e16e55c6943fe653,CookingStep,手抓饼-步骤1,,,,,,,,,面粉放入碗中，加入开水搅拌成絮状，再加入冷水揉成光滑面团，覆盖湿布静置20分钟。,1,,碗,20分钟
288fd8a9e3fb34e8,CookingStep,手抓饼-步骤2,,,,,,,,,面团分成每份约100克，搓圆，擀成薄片。,2,,,
b55bfc8c29003072,CookingStep,手抓饼-步骤3,,,,,,,,,表面均匀涂抹食用油，撒上盐，卷成蜗牛状，松弛10分钟。,3,,,10分钟
176958aafd7c0276,CookingStep,手抓饼-步骤4,,,,,,,,,面团再次擀成薄饼，厚度均匀。,4,,,
fcc65fcb01fdfa4b,CookingStep,手抓饼-步骤5,,,,,,,,,热锅中倒入油，小火煎至两面金黄起泡。,5,煎,锅,
8ac6cf1088871015,CookingStep,手抓饼-步骤6,,,,,,,,,煎好的饼依次铺入煎蛋、生菜、火腿、芝士片等配料，卷起即可。,6,煎,,
2b81886bfba999c6,RecipeCategory,早餐,,,,,,,,,,,,,
90fbf75112044729,DifficultyLevel,简单,,,,,,,,,,,,,
2612c911d1e5dab2,Recipe,桂圆红枣粥,早餐,简单,家常菜,,70分钟,,对粥的稀稠程度有不同喜好的朋友可以酌情增加或减少水的用量 | 煮出来的粥是甜的，可以通过控制加入桂圆的数量控制甜度,Dish/breakfast/桂圆红枣粥.md,,,,,
b711cd534ec02f53,Ingredient,糯米,,,,,,,,,,,,,
9452186e93dd7108,Ingredient,红枣,,,,,,,,,,,,,
0dfb4b3d8dca29ea,Ingredient,桂圆,,,,,,,,,,,,,
c0dfd5b6c37ab3a1,CookingStep,桂圆红枣粥-步骤1,,,,,,,,,将桂圆肉扒出，用清水洗两次，放入碗中浸泡10分钟,1,清洗，浸泡,碗,10分钟
d3918f0ed2c70b81,CookingStep,桂圆红枣粥-步骤2,,,,,,,,,红枣用清水洗两次，放入碗中浸泡10分钟,2,清洗，浸泡,碗,10分钟
25a712510825033a,CookingStep,桂圆红枣粥-步骤3,,,,,,,,,糯米放入电饭锅中，清水淘米两次后，加入2000ml水,3,淘洗,电饭锅,
15ef3cb76b796d74,CookingStep,桂圆红枣粥-步骤4,,,,,,,,,将桂圆和红枣加入电饭锅,4,,电饭锅,
c8b58157551fcfaf,CookingStep,桂圆红枣粥-步骤5,,,,,,,,,打开电饭锅煮饭模式，1小时后粥成,5,煮,电饭锅,1小时
8265fcbfc7a93654,Recipe,水煮玉米,早餐,简单,家常菜,,15-20分钟,,煮玉米时保留部分玉米皮入锅，可增加风味。 | 根据口味选择是否加糖。 | 玉米煮久点不影响口感。,Dish/breakfast/水煮玉米.md,,,,,
be61f8f91eefd266,Ingredient,玉米,,,,,,,,,,,,,
a3dd28934f2f9a12,Ingredient,水,,,,,,,,,,,,,
51731c093ee2c51a,Ingredient,糖,,,,,,,,,,,,,
bc91682a9d51ea19,CookingStep,水煮玉米-步骤1,,,,,,,,,将新鲜玉米剥去外皮，剩部分玉米皮入锅。,1,,锅,
5e77d365676eee5a,CookingStep,水煮玉米-步骤2,,,,,,,,,加入淹过玉米约半节指头的水，加盐和糖。,2,,,
2e85a4e16b12d76f,CookingStep,水煮玉米-步骤3,,,,,,,,,水煮开之后转至小火，加盖继续煮15-20分钟，玉米煮久点没事。,3,煮,锅,15-20分钟
13a2eaf822c9014c,CookingStep,水煮玉米-步骤4,,,,,,,,,煮熟后沥干水分，冷却后食用。,4,沥干,,
297ae1720f84e375,Recipe,煎饺,早餐,简单,家常菜,,,,操作时，需时刻观察锅内情况，切记不可分神玩手机。,Dish/breakfast/煎饺.md,,,,,
5e32ad2a17fce850,Ingredient,饺子,,,,,,,,,,,,,
4e0a6e46151b76e4,Ingredient,芝麻,,,,,,,,,,,,,
454f3c68a59eb078,Ingredient,葱花,,,,,,,,,,,,,
bcc99d7866dd03a8,CookingStep,煎饺-步骤1,,,,,,,,,取出平底锅（不沾平底锅最佳）。,1,,平底锅,
e783f02563c66dd1,CookingStep,煎饺-步骤2,,,,,,,,,加入 10ml - 15 ml 食用油。,2,,,
0043a319327e7a5a,CookingStep,煎饺-步骤3,,,,,,,,,开火，放入饺子（尽量平均铺开，不宜堆叠）。,3,,,
b486db460d802510,CookingStep,煎饺-步骤4,,,,,,,,,立刻加入清水，水线没过饺子平均高度的 1/2。,4,,,
f35947323303ec4a,CookingStep,煎饺-步骤5,,,,,,,,,盖上锅盖（此时炉灶应该处于大火）。,5,煮,锅盖,
0bfdd6307b40b1aa,CookingStep,煎饺-步骤6,,,,,,,,,等待 8 - 10 分钟。,6,煮,,8-10分钟
d9fded28ff80a551,CookingStep,煎饺-步骤7,,,,,,,,,当锅中水分仅剩 2mm 时， 转中火开始煎制。,7,煎,,
33ea27e844dbd906,CookingStep,煎饺-步骤8,,,,,,,,,当水分全部蒸发后，摇晃平底锅使饺子受热均匀。,8,煎,平底锅,
8ca84cc99f190e02,CookingStep,煎饺-步骤9,,,,,,,,,放入黑芝麻和葱花再焖 10s。,9,焖,,10秒
4ad8dfc15b0ebcbd,CookingStep,煎饺-步骤10,,,,,,,,,1 - 2 分钟夹出一个饺子观察底部，若出现金黄色脆皮立即取出。,10,煎,,1-2分钟
f301a5456ec4a718,Recipe,茶叶蛋,早餐,中等,家常菜,,30分钟,2-3人份,鸡蛋捞出过冷水是为了让鸡蛋和壳之间产生间隙。 | 食盐可根据个人口味选择不加。 | 八角，香叶，桂皮，茴香，冰糖，自己没有这么多食材可以买现成的卤料包。,Dish/breakfast/茶叶蛋.md,,,,,
7bda97ac3ec3677f,Ingredient,八角,,,,,,,,,,,,,
fb3fd3b8cfac4ea2,Ingredient,香叶,,,,,,,,,,,,,
9d5b54483543d7e4,Ingredient,桂皮,,,,,,,,,,,,,
d4ae7643918afac4,Ingredient,茴香,,,,,,,,,,,,,
f51cc7dee2ae247a,Ingredient,冰糖,,,,,,,,,,,,,
747766043e7f6f07,Ingredient,红茶,,,,,,,,,,,,,
8eacb18b6bdddbdf,Ingredient,生抽,,,,,,,,,,,,,
c58ebb601076aef8,Ingredient,老抽,,,,,,,,,,,,,
2b62b694f442f39c,Ingredient,食盐,,,,,,,,,,,,,
71cf367251833542,CookingStep,茶叶蛋-步骤1,,,,,,,,,用冷水将鸡蛋煮熟，大火大约8分钟（根据自家厨具决定）。,1,煮,锅,8分钟
6365c10770d4d65f,CookingStep,茶叶蛋-步骤2,,,,,,,,,鸡蛋捞出，过冷水。,2,过冷水,,
940981003c397680,CookingStep,茶叶蛋-步骤3,,,,,,,,,将鸡蛋互相碰撞，使每个鸡蛋产生裂缝。,3,,,
cf5695a9e3163000,CookingStep,茶叶蛋-步骤4,,,,,,,,,将鸡蛋下锅，放入八角，香叶，桂皮，茴香，冰糖，红茶，生抽，老抽，食盐。,4,,锅,
7a175b2154d85d6e,CookingStep,茶叶蛋-步骤5,,,,,,,,,加水直至没过鸡蛋。,5,,,
ca8d5f3a27f78d77,CookingStep,茶叶蛋-步骤6,,,,,,,,,大火煮开之后，转中小火煮15分钟。,6,煮,锅,15分钟
b47f0d2431a888a2,DifficultyLevel,中等,,,,,,,,,,,,,
abd2ed53d559cfd8,Recipe,蛋煎糍粑,早餐,简单,家常菜,,10分钟,,放糍粑进去时候注意把糍粑间隔开来，防止粘在一起。 | 鸡蛋的量根据糍粑的量而定。 | 糖的量根据个人喜好。,Dish/breakfast/蛋煎糍粑.md,,,,,
8aad803639825b03,Ingredient,糍粑,,,,,,,,,,,,,
7dc733e0655cdcfe,Ingredient,红糖,,,,,,,,,,,,,
809cd62c6159126d,Ingredient,食用盐,,,,,,,,,,,,,
679c6e7f2b27db3b,CookingStep,蛋煎糍粑-步骤1,,,,,,,,,把糍粑切成长方形小块，便于后面煎。,1,,刀,
1d6391098f058ee8,CookingStep,蛋煎糍粑-步骤2,,,,,,,,,碗里打入一个鸡蛋并把鸡蛋搅碎，加入 2g 食用盐。,2,,碗,
a20cf7a1211663a7,CookingStep,蛋煎糍粑-步骤3,,,,,,,,,将切好的小糍粑依此放入搅碎的鸡蛋里面，涂抹完糍粑双面为止。,3,,,
5239925175359b12,CookingStep,蛋煎糍粑-步骤4,,,,,,,,,锅里倒入植物油 10ml ，把涂抹好的糍粑小块放进去小火慢慢煎软。,4,煎,锅,
487d84ee0d1005ca,CookingStep,蛋煎糍粑-步骤5,,,,,,,,,将剩下的鸡蛋液慢慢倒在糍粑表面。,5,,,
f4cebd139bbf714d,CookingStep,蛋煎糍粑-步骤6,,,,,,,,,用筷子或者勺子为糍粑翻面，来回煎至金黄色后开吃。,6,煎,"筷子,勺子",
ff67e774d1594ea5,Recipe,鸡蛋三明治,早餐,简单,西式,,,,也可加入芝士、酸黄瓜等食材,Dish/breakfast/鸡蛋三明治.md,,,,,
faa444361935213f,Ingredient,吐司,,,,,,,,,,,,,
f7db4278b3f65a17,Ingredient,培根,,,,,,,,,,,,,
756bed3f74e2e3fb,Ingredient,黄油,,,,,,,,,,,,,
dac00a05c13df257,Ingredient,蛋黄酱,,,,,,,,,,,,,
51c3b439776e8d2a,Ingredient,黑胡椒,,,,,,,,,,,,,
0c3a2907a94934e0,CookingStep,鸡蛋三明治-步骤1,,,,,,,,,吐司切去四边，备用,1,,,
db190c0ce1f96ee4,CookingStep,鸡蛋三明治-步骤2,,,,,,,,,鸡蛋煮熟，捣碎,2,煮,,
b88048af8cb082df,CookingStep,鸡蛋三明治-步骤3,,,,,,,,,混合鸡蛋、蛋黄酱、盐、黑胡椒,3,,,
d5d51a040c9b3079,CookingStep,鸡蛋三明治-步骤4,,,,,,,,,锅中加入黄油，煎熟培根,4,煎,锅,
653c54f5382c2db6,CookingStep,鸡蛋三明治-步骤5,,,,,,,,,组装吐司，在两片吐司间加入制作好的鸡蛋酱及培根,5,,,
042038579f180e23,CookingStep,鸡蛋三明治-步骤6,,,,,,,,,四边形吐司切成三角形装盘,6,,,
e117c8f8515e3d7f,Recipe,可乐鸡翅,荤菜,中等,家常菜,,,1盘,加入生姜爆香的同时能防止鸡翅粘锅。 | 最后收汁时勿开过大火，防止味道偏苦。 | 本菜品偏甜。,Dish/dinner and lunch/meat/可乐鸡翅.md,,,,,
60d67fa926316157,Ingredient,鸡翅中,,,,,,,,,,,,,
7aa5a210bfa731dd,Ingredient,可乐,,,,,,,,,,,,,
3de857b59530ec6e,Ingredient,白糖,,,,,,,,,,,,,
a6673eb5674c760f,Ingredient,生姜,,,,,,,,,,,,,
f00e325df91687b0,Ingredient,料酒,,,,,,,,,,,,,
fd3a4723e62d2b32,Ingredient,小葱,,,,,,,,,,,,,
0b83459963f98b6b,CookingStep,可乐鸡翅-步骤1,,,,,,,,,鸡翅入锅，倒入冷水淹没。放生姜1片和料酒10～20毫升。大火煮开（大约2分钟）后，撇去浮沫，沥出水分。这一步针对冰鲜鸡翅，刚买来的鸡翅直接改刀用生抽进行腌制即可。,1,焯水,锅,约2分钟
bbf29dd27666fcd1,CookingStep,可乐鸡翅-步骤2,,,,,,,,,捞出鸡翅，可用刀将两边各划上两口改刀。生抽约10克腌制鸡翅10分钟（生抽能完全包裹鸡翅表面入味就行）。,2,腌制,刀,10分钟
60d6e7c4e2fa2151,CookingStep,可乐鸡翅-步骤3,,,,,,,,,锅重新小火起油，先将剩余姜片爆香，然后下入腌好的鸡翅。将鸡翅煎至金黄翻面（直到两面金黄），用炒菜勺子翻动一下鸡翅，与姜片一起翻炒4～5下（目的是防止鸡翅和姜片粘黏）。,3,"爆香,煎,炒","锅,炒菜勺",
012011c104117849,CookingStep,可乐鸡翅-步骤4,,,,,,,,,鸡翅金黄，倒入可乐没过鸡翅，开大火将锅中可乐煮沸，然后撇去漂浮的黑色浮沫（包含血水）。此时加入葱结。,4,煮,锅,
760b3df138fc2392,CookingStep,可乐鸡翅-步骤5,,,,,,,,,调味：加入食用盐2克，白糖10克，生抽3克调味（可以适当用老抽调底色，3克）。,5,,,
72bc9f0d6cf8a2b6,CookingStep,可乐鸡翅-步骤6,,,,,,,,,等到葱结变黄，和姜片一起捞出，转中火继续慢煮可乐鸡翅。,6,煮,锅,
e68c707064a1013f,CookingStep,可乐鸡翅-步骤7,,,,,,,,,等到可乐呈现挂丝状态，关小火让汁牢牢挂在鸡翅上。出锅，装盘。,7,收汁,锅,
fbaa4e39ca8903bf,RecipeCategory,荤菜,,,,,,,,,,,,,
752118f8c9c8d947,Recipe,咕噜肉,荤菜,困难,粤菜,,,,想让肉更有层次可以在生粉中加鸡蛋，炸出来会更香脆,Dish/dinner and lunch/meat/咕噜肉.md,,,,,
36f1a0531eb2fe9e,Ingredient,梅头猪肉,,,,,,,,,,,,,
987d92b730064b5a,Ingredient,青椒,,,,,,,,,,,,,
fd57a22c1641a4d5,Ingredient,罐头菠萝片,,,,,,,,,,,,,
815bbdfc045a50cc,Ingredient,茄汁,,,,,,,,,,,,,
764be16565acfe60,Ingredient,白醋,,,,,,,,,,,,,
0fb4f52f54af8074,Ingredient,蒜蓉,,,,,,,,,,,,,
83b24b4d778a2ccd,Ingredient,生粉,,,,,,,,,,,,,
a770b9a81db4bbec,Ingredient,白砂糖,,,,,,,,,,,,,
75789e58d099a674,Ingredient,油,,,,,,,,,,,,,
e82e6073646e1dc3,CookingStep,咕噜肉-步骤1,,,,,,,,,将梅头猪肉（100克）洗净，然后用厨房纸抹干水份，将猪肉切成比想要的成品小一圈的大小。,1,,厨房纸,
2f0845532e0b0777,CookingStep,咕噜肉-步骤2,,,,,,,,,用盐（1/2茶匙）腌制梅头猪肉20分钟。,2,腌制,,20分钟
a46e60dd16ccfc1c,CookingStep,咕噜肉-步骤3,,,,,,,,,将青椒（25克）切碎。,3,,,
dac81e3179304769,CookingStep,咕噜肉-步骤4,,,,,,,,,将菠萝片（75克）切件。,4,,,
883392ec7a4ef941,CookingStep,咕噜肉-步骤5,,,,,,,,,在碗中加入茄汁（4汤匙）、白醋（2茶匙）、蒜蓉（1汤匙）、生抽（½茶匙）、生粉（2½茶匙）、白砂糖（2汤匙）、盐（¼茶匙）和水（200毫升），拌匀成酱汁。,5,,碗,
0c339bdefb478f4f,CookingStep,咕噜肉-步骤6,,,,,,,,,将梅头猪肉粒沾上生粉（6汤匙）。,6,,,
20cc2b001f759ae2,CookingStep,咕噜肉-步骤7,,,,,,,,,加入油（500毫升）中火加热。,7,加热,锅,
4ef86bf834d01240,CookingStep,咕噜肉-步骤8,,,,,,,,,将梅头猪肉粒放至锅里中火炸5分钟，然后盛起。,8,炸,锅,5分钟
1ac0b8da3d83f9ce,CookingStep,咕噜肉-步骤9,,,,,,,,,加入梅头猪肉粒，再大火翻炸1分钟。,9,炸,锅,1分钟
3267734399f3ac24,CookingStep,咕噜肉-步骤10,,,,,,,,,加入油（1茶匙）和酱汁，中火加热3分钟。,10,加热,锅,3分钟
8c1bb8a56b2a7ce1,CookingStep,咕噜肉-步骤11,,,,,,,,,加入青椒和菠萝，大火加热2分钟。,11,加热,锅,2分钟
f70964f8e9b4073d,CookingStep,咕噜肉-步骤12,,,,,,,,,将已炸好的梅头猪肉粒与酱汁拌匀即可。,12,拌匀,,
8ffff47d4d8a1bba,DifficultyLevel,困难,,,,,,,,,,,,,
1a45cafc6e7d6e8c,Recipe,咖喱炒蟹,荤菜,困难,家常菜,,,1人份,螃蟹切口和蟹钳蘸生粉，蟹盖撒生粉盖住蟹黄，有助于锁住鲜味和蟹黄。 | 煎螃蟹时先切口朝下，可以封住蟹肉和蟹黄。 | 关火后倒入椰浆和蛋清并不断翻炒，可以使酱汁更浓稠。,Dish/dinner and lunch/meat/咖喱炒蟹.md,,,,,
a93f1f104dad9803,Ingredient,肉蟹,,,,,,,,,,,,,
c8788dbf0cb55e4c,Ingredient,咖喱块,,,,,,,,,,,,,
f1946ff1846e5f20,Ingredient,椰浆,,,,,,,,,,,,,
6ba3d74551e5a654,Ingredient,洋葱,,,,,,,,,,,,,
f7e2bea0db01f3ce,Ingredient,大蒜,,,,,,,,,,,,,
2ccc440d6a3a498f,CookingStep,咖喱炒蟹-步骤1,,,,,,,,,肉蟹掀盖后对半砍开，蟹钳用刀背轻轻拍裂，切口和蟹钳蘸一下生粉。撒5g生粉到蟹盖中，盖住蟹黄，备用。,1,,刀,
0a2dc31a905c2a80,CookingStep,咖喱炒蟹-步骤2,,,,,,,,,洋葱切成洋葱碎，备用。大蒜切碎，备用。烧一壶开水，备用。,2,切,刀,
868040b1bd0c24e1,CookingStep,咖喱炒蟹-步骤3,,,,,,,,,起锅烧油，倒入约20ml食用油，等待10秒让油温升高。,3,,锅,10秒
2002170a60b29271,CookingStep,咖喱炒蟹-步骤4,,,,,,,,,将螃蟹切口朝下，轻轻放入锅中，煎20秒封住蟹黄、蟹肉。然后翻面，每面煎10秒。煎完将螃蟹取出备用。,4,煎,锅,40秒
4ffc82ae3e26286d,CookingStep,咖喱炒蟹-步骤5,,,,,,,,,将螃蟹盖放入锅中，用勺子舀起锅中热油泼到蟹盖中，煎封住蟹盖中的蟹黄，煎20秒后取出备用。,5,煎,"锅,勺子",20秒
0282af5b488ea6b4,CookingStep,咖喱炒蟹-步骤6,,,,,,,,,不用刷锅，再倒入10ml食用油，大火让油温升高至轻微冒烟，将大蒜末、洋葱碎倒入，炒10秒钟。,6,炒,锅,10秒
f7a3077ebe079f0e,CookingStep,咖喱炒蟹-步骤7,,,,,,,,,将咖喱块放入锅中炒化（10秒），放入煎好的螃蟹，翻炒均匀。,7,炒,锅,10秒
33e98ead092c44f1,CookingStep,咖喱炒蟹-步骤8,,,,,,,,,倒入开水300ml，焖煮3分钟。,8,焖煮,锅,3分钟
aa6e1ad6f3834504,CookingStep,咖喱炒蟹-步骤9,,,,,,,,,焖煮完后，倒入椰浆和蛋清，关火，关火后不断翻炒，一直到酱汁变浓稠。出锅。,9,炒,锅,
9cfd60e27d37b519,Recipe,响油鳝丝,荤菜,中等,江浙菜,,,2人份,不能将鳝鱼的血洗得太干净，否则鳝鱼很容易发黑发臭。 | 可以多加一些胡椒粉和白糖，有利于去腥增香。,Dish/dinner and lunch/meat/响油鳝丝.md,,,,,
3c88d3d4302255d7,Ingredient,鳝丝,,,,,,,,,,,,,
d5b541bd5905d59c,Ingredient,姜末,,,,,,,,,,,,,
99600898266742b1,Ingredient,蚝油,,,,,,,,,,,,,
02e1eabcea426568,Ingredient,胡椒粉,,,,,,,,,,,,,
2cdc8e1f9aefc7b2,Ingredient,淀粉,,,,,,,,,,,,,
8e92a1c42d49f602,Ingredient,蒜末,,,,,,,,,,,,,
515af458e3378ae9,Ingredient,猪油,,,,,,,,,,,,,
272b6c85e8f92fee,CookingStep,响油鳝丝-步骤1,,,,,,,,,将鳝鱼切成三段后切成细丝。加入0.5克胡椒粉、3克料酒搅拌均匀，再加入5克香油腌制。,1,切，腌制,刀,
076d007fd5381a3e,CookingStep,响油鳝丝-步骤2,,,,,,,,,热油滑锅。加入植物油，烧到6成热。加入一半蒜末和全部姜末，翻炒几下。,2,滑锅，炒,炒锅,
5b5ad8adbe1ad341,CookingStep,响油鳝丝-步骤3,,,,,,,,,加入鳝丝，中火爆炒30秒。边缘淋入10克料酒，翻炒几下。,3,爆炒,炒锅,30秒
40296e4a9696ff7d,CookingStep,响油鳝丝-步骤4,,,,,,,,,加入生抽，炒匀。加入蚝油、老抽，翻炒几下。加入食用盐、白糖、3克胡椒粉，炒匀。,4,炒,炒锅,
c977d956d17b4a5c,CookingStep,响油鳝丝-步骤5,,,,,,,,,淀粉和水混合为水淀粉，倒入锅中，收汁至浓稠。,5,收汁,炒锅,
6c69957bb9cf5356,CookingStep,响油鳝丝-步骤6,,,,,,,,,装盘，撒上蒜蓉、葱花。,6,,,
64a7085c469a82be,CookingStep,响油鳝丝-步骤7,,,,,,,,,另起锅烧热，加入猪油，烧至七成热，浇在鳝丝上。,7,烧热,锅,
4ad03a810d7ef263,Recipe,小龙虾,荤菜,困难,家常菜,,,,家庭制作可用比炒菜多些的油煎代替油炸，同样好吃。 | 去虾线会影响虾肉口感且对新手有难度，能接受虾线可不去。,Dish/dinner and lunch/meat/小龙虾.md,,,,,
98fa598a57ea7667,Ingredient,小龙虾,,,,,,,,,,,,,
7de9e044b4e73ebe,Ingredient,青花椒,,,,,,,,,,,,,
0e9595ab8f5e7160,Ingredient,花椒,,,,,,,,,,,,,
ac47ee0805eb68f5,Ingredient,子弹头辣椒,,,,,,,,,,,,,
1e2a144c462b1349,Ingredient,葱,,,,,,,,,,,,,
be1a7c309fe2740b,Ingredient,姜,,,,,,,,,,,,,
02388f585485c7d2,Ingredient,蒜,,,,,,,,,,,,,
8e5301c11e21470d,Ingredient,郫县豆瓣,,,,,,,,,,,,,
317688e67f3f7239,Ingredient,黄豆酱,,,,,,,,,,,,,
099a659fddf8199d,Ingredient,啤酒,,,,,,,,,,,,,
2f318307e2114361,CookingStep,小龙虾-步骤1,,,,,,,,,小龙虾刷干净去虾线，葱切2cm葱段，姜蒜切末。,1,,,
01873a4542602205,CookingStep,小龙虾-步骤2,,,,,,,,,烧油，油微热，下香叶、八角、桂皮、青花椒、花椒、子弹头辣椒。,2,炒,锅,
a077e4f4f029d17d,CookingStep,小龙虾-步骤3,,,,,,,,,香料出香气之后下锅葱姜蒜。,3,炒,锅,
0ab55ecdb067a897,CookingStep,小龙虾-步骤4,,,,,,,,,葱姜蒜爆香后，加入郫县豆瓣、黄豆酱，炒出红油。,4,炒,锅,
d73259f339ad961a,CookingStep,小龙虾-步骤5,,,,,,,,,下小龙虾，翻炒至变色。,5,炒,锅,
563e113c6a350c73,CookingStep,小龙虾-步骤6,,,,,,,,,加入啤酒，等啤酒烧开后加入生抽，盐。,6,煮,锅,
4985cb8bd1c96492,CookingStep,小龙虾-步骤7,,,,,,,,,将小龙虾完全煮熟后出锅。,7,煮,锅,
10fc84e21e0a20e9,Recipe,微波葱姜黑鳕鱼,荤菜,中等,家常菜,,,2份,本菜谱主角是黑鳕鱼，所有调料可根据鳕鱼的实际重量进行比例调整。 | 如果想让香气更为浓郁，在微波前可将葱姜与料酒均匀涂抹在鱼片的两侧，再进行微波加热。 | 可使用海鲈鱼、罗非鱼、大比目鱼或龙脷鱼替代，具体重量和微波时间请参考菜谱中的附加表格。,Dish/dinner and lunch/meat/微波葱姜黑鳕鱼.md,,,,,
1533c7aacced175e,Ingredient,黑鳕鱼,,,,,,,,,,,,,
9d24a20c32e1507f,Ingredient,青葱,,,,,,,,,,,,,
121157f3cd06abbf,Ingredient,酱油,,,,,,,,,,,,,
573f9d0e5f250c01,Ingredient,芝麻油,,,,,,,,,,,,,
6156b3d900bb2bf6,Ingredient,花生油,,,,,,,,,,,,,
f8a7f118307f7f23,CookingStep,微波葱姜黑鳕鱼-步骤1,,,,,,,,,鱼片分别放入密封袋，鱼皮向下放在盘子中。,1,,"密封袋,盘子",
37191c5edc71129c,CookingStep,微波葱姜黑鳕鱼-步骤2,,,,,,,,,取葱白切丝25g，姜去皮后切丝10g，混合在一起后分成两半，分别放在袋内鱼片上。,2,切,刀,
6f94052d1ae544d8,CookingStep,微波葱姜黑鳕鱼-步骤3,,,,,,,,,每个袋子倒入2.5mL料酒。,3,,,
6dda2a29b685f02d,CookingStep,微波葱姜黑鳕鱼-步骤4,,,,,,,,,封好密封袋，放入微波炉中，中火（800瓦）微波至不透明且容易散开时（约3.5-5分钟），从袋中取出鱼片。,4,微波,"微波炉,密封袋",3.5-5分钟
d7a1c16629cc7e17,CookingStep,微波葱姜黑鳕鱼-步骤5,,,,,,,,,去除青葱和姜。,5,,,
835c420843bf75a9,CookingStep,微波葱姜黑鳕鱼-步骤6,,,,,,,,,取酱油25mL，芝麻油2mL，混合均匀后平均淋在两片鱼片上。,6,,,
e6f26f6000e1e84b,CookingStep,微波葱姜黑鳕鱼-步骤7,,,,,,,,,取葱绿切细丝10g，姜去皮后切丝3g，混合后分成两份撒在鱼片上。,7,切,刀,
e88855e7fe1f433c,CookingStep,微波葱姜黑鳕鱼-步骤8,,,,,,,,,取花生油50mL，在小锅中加热至190℃。,8,加热,小锅,
a386e4056b8a3ffe,CookingStep,微波葱姜黑鳕鱼-步骤9,,,,,,,,,将热油淋到放有葱绿的鱼片上，立刻上桌。,9,淋油,,
c9bfcbfa7fe2af5a,Recipe,油焖大虾,荤菜,困难,家常菜,,,1人份,炸好的葱油可以留着作为拌面使用。 | 焖煮中途不能再加汤水，不要开盖。,Dish/dinner and lunch/meat/油焖大虾.md,,,,,
0a41059e494c021d,Ingredient,虾,,,,,,,,,,,,,
36f58a72875817bf,Ingredient,黄酒,,,,,,,,,,,,,
8f608eefc85f1a23,Ingredient,植物油,,,,,,,,,,,,,
69248c4d688f8689,CookingStep,油焖大虾-步骤1,,,,,,,,,剪虾枪到根上，虾须虾爪都剪掉，沙包挑掉，开背虾线挑出来，洗净备用。,1,,剪刀,
6c8faa255bde3138,CookingStep,油焖大虾-步骤2,,,,,,,,,炸料油：油温三成热放花椒，油热离火，放葱姜（不要让油变色最好）葱稍微变黄沥油。,2,炸,锅,
473d72a4374b1aa9,CookingStep,油焖大虾-步骤3,,,,,,,,,下油，虾摆放整齐，两面变色后轻轻摁虾头。,3,煎,锅,
d4c7b77b0358d447,CookingStep,油焖大虾-步骤4,,,,,,,,,放姜米（姜切成细颗粒）、黄酒30g、水两小碗、盐3g、冰糖10克。,4,,,
b9daf6182518535b,CookingStep,油焖大虾-步骤5,,,,,,,,,大火烧开转小火盖盖子闷（中途不能再加汤水，不要开盖）。,5,焖,锅,
25813d09a8386e90,CookingStep,油焖大虾-步骤6,,,,,,,,,皮亮虾弯就可以起锅，虾摆盘。,6,,,
dc2be80c003ea858,CookingStep,油焖大虾-步骤7,,,,,,,,,收汁（过滤后倒回锅里收浓，放葱油）汤汁剩余1/4时。,7,收汁,锅,
0813aecd92148f1d,CookingStep,油焖大虾-步骤8,,,,,,,,,浇汁，完成。,8,,,
e8198a4a3b8d77b3,Recipe,清蒸生蚝,荤菜,中等,家常菜,,,,,Dish/dinner and lunch/meat/清蒸生蚝.md,,,,,
3776293a5c06853b,Ingredient,生蚝,,,,,,,,,,,,,
8a2f5b2f09ba3a2c,Ingredient,饮用水,,,,,,,,,,,,,
e664650c297ff743,CookingStep,清蒸生蚝-步骤1,,,,,,,,,将生蚝用刷子刷干净（没有刷子用牙刷）。,1,,刷子,
7b8b5dba70d9046b,CookingStep,清蒸生蚝-步骤2,,,,,,,,,蒸锅中放水，将蒸屉放上之后，将6个生蚝平铺在蒸屉，使用50%功率，蒸3分钟。,2,蒸,蒸锅，蒸屉,3分钟
1f3872e17fa6d650,CookingStep,清蒸生蚝-步骤3,,,,,,,,,用右手拿着湿抹布掀开烫锅盖，将每个生蚝的外壳掀开一半去掉，生蚝的凸面向下，平面向上，每个放1根姜丝，10g蒜末放到生蚝上。,3,,抹布,
61cf05b5097fad13,CookingStep,清蒸生蚝-步骤4,,,,,,,,,关上烫锅盖，100%功率蒸3.5分钟。,4,蒸,,3.5分钟
5093910b6b569d9c,CookingStep,清蒸生蚝-步骤5,,,,,,,,,停火，用右手拿着抹布掀开烫锅盖，每个放5ml酱油。,5,,抹布,
26b69c73f14a85d5,CookingStep,清蒸生蚝-步骤6,,,,,,,,,盛盘。,6,,,
d23044499d5e537f,Recipe,清蒸鲈鱼,荤菜,中等,家常菜,,,,关键点在于火候，鱼的大小跟火候都会相关，大火蒸鱼一般是10分钟内较佳。 | 切记蒸鱼需要用筷子隔开装鱼的盘子，这样做的好处有两点：1、鱼在蒸的过程中会将水滴到盘子，如果鱼直接接触会导致鱼食用时会腥。2、能够将鱼均匀受热。,Dish/dinner and lunch/meat/清蒸鲈鱼.md,,,,,
83b998556cc93881,Ingredient,鲈鱼,,,,,,,,,,,,,
a5a896d3d1479d48,Ingredient,香葱,,,,,,,,,,,,,
24f958b6a5860bbb,Ingredient,蒸鱼豉油,,,,,,,,,,,,,
d3f2dac7db39a3a6,CookingStep,清蒸鲈鱼-步骤1,,,,,,,,,姜切片切丝、香葱的葱白切段，葱绿切丝，切丝后放入冷水浸泡备用。,1,,菜刀,
e61afcedc3c55747,CookingStep,清蒸鲈鱼-步骤2,,,,,,,,,鲈鱼处理好后洗净，用厨房纸擦干，两面分别划几刀，用盐洗掉鱼身的粘液，并用10g盐抹遍鱼身的内外，腌制10分钟以上。,2,腌制,厨房纸,10分钟
976d3298523eecb4,CookingStep,清蒸鲈鱼-步骤3,,,,,,,,,鱼肚内塞上姜和葱白，鱼身也撒上姜和葱白，量为备用的一半。蒸鱼的碟子用筷子将鱼跟碟子隔开蒸。,3,,碟子，筷子,
e3ed0e224fcfd94f,CookingStep,清蒸鲈鱼-步骤4,,,,,,,,,水烧热感觉到水温后放进入鱼。,4,,,
f62673b3eb54a928,CookingStep,清蒸鲈鱼-步骤5,,,,,,,,,大火清蒸10分钟。,5,蒸,,10分钟
150b81ecd671c094,CookingStep,清蒸鲈鱼-步骤6,,,,,,,,,蒸好的鱼，用干净的盘子装起来并去除身上姜蒜。,6,,盘子,
6927bf07ae8a9843,CookingStep,清蒸鲈鱼-步骤7,,,,,,,,,鱼身浇上15ml蒸鱼豉油。,7,,,
8e335339df5561a6,CookingStep,清蒸鲈鱼-步骤8,,,,,,,,,鱼身重新撒上姜和葱丝，锅内加上10ml食用油并烧热，将食用油淋至鱼身即可出菜。,8,淋油,锅,
1cdfa62341896e19,Recipe,糖醋里脊,荤菜,困难,家常菜,,,,里脊要多炸几遍，注意火候，否则达不到外焦里嫩的效果！,Dish/dinner and lunch/meat/糖醋里脊.md,,,,,
1abd563c4de67ef2,Ingredient,里脊肉,,,,,,,,,,,,,
89aa75a311e9eced,Ingredient,醋,,,,,,,,,,,,,
26ccb96ebf690e99,Ingredient,番茄酱,,,,,,,,,,,,,
9949b74f9bbcbda2,Ingredient,白胡椒粉,,,,,,,,,,,,,
d637cf980b3c2b5a,CookingStep,糖醋里脊-步骤1,,,,,,,,,腌肉：将猪里脊肉先切厚片，用刀背拍一拍，把肉拍松一点。切成一个手指头粗的条，加料酒，生抽，蚝油，食盐，白胡椒粉，一个鸡蛋，将肉用手抓匀，腌制20分钟以上。,1,腌制,刀,20分钟
53a01c77774eaadc,CookingStep,糖醋里脊-步骤2,,,,,,,,,调酱：番茄酱+10g醋+30g白糖+150ml清水，搅拌至糖融化，备用。,2,搅拌,,
6d0fe6d71fb2d85b,CookingStep,糖醋里脊-步骤3,,,,,,,,,裹粉：准备一个大碗，里面放淀粉，把每一根肉条都满满裹上淀粉。,3,,碗,
14b76b6fd28f1ff6,CookingStep,糖醋里脊-步骤4,,,,,,,,,炸制：油温160摄氏度下里脊，可以拿一个干筷子放在油里面试一下，周围冒小泡就可以下锅。炸到表面微黄可以捞出，全程中火。,4,炸,锅,
9d44c85cc148b74a,CookingStep,糖醋里脊-步骤5,,,,,,,,,复炸：等油温升高到200摄氏度，把里脊倒进去重新炸一次，只需40秒，表皮就会很脆，马上捞出。,5,炸,锅,40秒
1b70333f3519bf24,CookingStep,糖醋里脊-步骤6,,,,,,,,,裹酱：另外拿一个锅，锅里放底油，把调好的酱汁倒进去，煮到冒泡，把炸好的里脊放进去，翻炒，让每一根都裹上酱汁。关火盛出。,6,煮，炒,锅,
6516452c79f80d4b,Recipe,红烧鸡翅,荤菜,中等,家常菜,,40分钟,3-4人份,如果闻着有腥味，可以增加一倍香料用量。 | 鸡翅打花刀便于入味。 | 炒糖色时需注意火候，避免炒焦。,Dish/dinner and lunch/meat/红烧鸡翅.md,,,,,
f839268c41aa92a3,Ingredient,鸡翅,,,,,,,,,,,,,
e7f2652992a6ec8c,Ingredient,干辣椒,,,,,,,,,,,,,
4d88236423cbd7a7,Ingredient,白芝麻,,,,,,,,,,,,,
9d1e2307ea816d47,Ingredient,小葱花,,,,,,,,,,,,,
717f42445ecc2ca9,CookingStep,红烧鸡翅-步骤1,,,,,,,,,将鸡翅洗净。用刀在鸡翅厚处划三刀，背面扎一刀，便于入味。如果鸡翅不新鲜，可在打完花刀之后用姜水泡10-20分钟。,1,腌制,刀,
2917bdbbaed9986f,CookingStep,红烧鸡翅-步骤2,,,,,,,,,将姜片、葱段备好；大蒜用刀拍散；香叶、八角、干辣椒整理好备用。,2,准备,刀,
630998f0d57cc767,CookingStep,红烧鸡翅-步骤3,,,,,,,,,锅中加入清水没过所有鸡翅，冷水下锅放入处理好的鸡翅，加入20ml黄酒或料酒、2片姜片，开大火烧至沸腾，沸腾后保持大火继续煮2-3分钟，撇去浮沫。,3,焯水,锅,2-3分钟
a921dc5e35cf6939,CookingStep,红烧鸡翅-步骤4,,,,,,,,,煮好后将鸡翅捞出，用温水清洗2遍，彻底去除血沫，控干水分备用。,4,清洗,,
10730f950af38438,CookingStep,红烧鸡翅-步骤5,,,,,,,,,另起锅，开火烧热后放入食用油。待油温至5成热，加入冰糖，开大火将冰糖熬至完全融化，冰糖融化变色后转小火，继续炒至冰糖呈枣红色。,5,炒,锅,
76aaa2051fdda7d1,CookingStep,红烧鸡翅-步骤6,,,,,,,,,立即放入控干水分的鸡翅，快速翻炒1-2分钟，使每只鸡翅均匀裹上糖色。,6,炒,锅,1-2分钟
9ed943063c1f1b05,CookingStep,红烧鸡翅-步骤7,,,,,,,,,加入准备好的香叶、八角、干辣椒、姜片、葱段、拍散的大蒜，继续煸炒30秒至香料香味完全释放。,7,炒,锅,30秒
7d71a871ab423441,CookingStep,红烧鸡翅-步骤8,,,,,,,,,沿锅边淋入15ml料酒或黄酒，15ml生抽，快速翻炒10秒。,8,炒,锅,10秒
0da6e724f3a9feec,CookingStep,红烧鸡翅-步骤9,,,,,,,,,加入温水（水温约50-60℃），水量以稍微没过所有鸡翅为准。加入老抽、盐、白糖、胡椒粉，用炒勺轻轻搅拌均匀。,9,炖煮,"锅,炒勺",
3096d2d944f2f2a8,CookingStep,红烧鸡翅-步骤10,,,,,,,,,盖上锅盖，开中火烧煮7-8分钟。,10,炖煮,锅,7-8分钟
83d1797c78dfa12c,CookingStep,红烧鸡翅-步骤11,,,,,,,,,打开锅盖，用筷子将锅中的香叶、八角、姜片、葱段、大蒜捡出丢弃。,11,,筷子,
384b265dab4b7044,CookingStep,红烧鸡翅-步骤12,,,,,,,,,转大火，保持不断翻炒，将汤汁烧至粘稠状态（约1-2分钟）。,12,收汁,锅,1-2分钟
6290d9ad5e6ba8ec,CookingStep,红烧鸡翅-步骤13,,,,,,,,,关火，将鸡翅盛入盘中，淋上锅中剩余的粘稠汤汁。最后撒上白芝麻和小葱花，完成制作。,13,装盘,盘,
9f7d4afe5eccd67a,Recipe,芥末黄油罗氏虾,荤菜,中等,家常菜,,,1盘,酱汁提前调配好，黄油提前备好，防止中间备料耗时。 | 蒜蓉切记要等虾煎好后捞出再下，防止煎炒过久变黑，发苦。 | 如果不太能接受芥末就放少点，能接受就放多点，如果放多了，煮久一会儿，芥末味也会散去。,Dish/dinner and lunch/meat/芥末黄油罗氏虾.md,,,,,
2af159c677910d35,Ingredient,罗氏虾,,,,,,,,,,,,,
3b01ee5f4c43c55c,Ingredient,芥末,,,,,,,,,,,,,
a0f811163427b27d,Ingredient,料酒、朗姆酒或啤酒,,,,,,,,,,,,,
25b3242025557526,Ingredient,香菜,,,,,,,,,,,,,
0b2e754026eae1ff,CookingStep,芥末黄油罗氏虾-步骤1,,,,,,,,,将罗氏虾剪掉头尾尖刺、触须和脚，剪刀把虾身开背，去除虾线。,1,,剪刀,
a5dd4a908285b471,CookingStep,芥末黄油罗氏虾-步骤2,,,,,,,,,提前搅拌好芥末酱汁：酱油、蚝油、芥末、盐、糖，搅拌均匀。,2,搅拌,,
b405b93b90858656,CookingStep,芥末黄油罗氏虾-步骤3,,,,,,,,,洗好香菜，切段备用。,3,切,刀,
d2e2f7afb488a9b0,CookingStep,芥末黄油罗氏虾-步骤4,,,,,,,,,罗氏虾沥掉水，锅中加入油，直接放入罗氏虾，中火，外表煎至金黄，捞出。,4,煎,锅,
573a02eefbb58f59,CookingStep,芥末黄油罗氏虾-步骤5,,,,,,,,,下入蒜蓉，大火，利用煎虾剩下的油继续煎炒蒜蓉，等到锅中白雾冒出，蒜蓉已煎出香味，下虾和黄油，让虾吸收黄油香味。,5,炒,锅,
151bfddb723312be,CookingStep,芥末黄油罗氏虾-步骤6,,,,,,,,,下入调好的酱汁，继续大火煮沸，翻炒虾，至酱汁收汁，加入酒（料酒、啤酒放30g，朗姆酒放15g）。,6,"煮,炒",锅,
68962c1ccbc8c622,CookingStep,芥末黄油罗氏虾-步骤7,,,,,,,,,在等酱汁稍微收汁，加入香菜翻炒两下，即可出锅。,7,炒,锅,
8e46bd7b2500c596,Recipe,葱烧海参,荤菜,中等,家常菜,,,每份,操作时，需要注意观察锅中的水量，如快见底的时候就直接接入水淀粉即可。,Dish/dinner and lunch/meat/葱烧海参.md,,,,,
3629216b05c6eef9,Ingredient,海参,,,,,,,,,,,,,
48537d7a891faf7e,Ingredient,大葱葱白,,,,,,,,,,,,,
7f1151fe709523e8,CookingStep,葱烧海参-步骤1,,,,,,,,,葱白切成1cm的段，备用。,1,切,菜刀,
44d6189e3d1134af,CookingStep,葱烧海参-步骤2,,,,,,,,,海参切成1cm的段，备用。,2,切,菜刀,
b8ea251589045a17,CookingStep,葱烧海参-步骤3,,,,,,,,,准备一个空碗，倒入20g蚝油，10g生抽，2g白糖，搅拌均匀。,3,搅拌,碗,
8a028a093254721b,CookingStep,葱烧海参-步骤4,,,,,,,,,另一个空碗倒入淀粉，水，制备水淀粉，勾芡用。,4,搅拌,碗,
4326d131888dafb7,CookingStep,葱烧海参-步骤5,,,,,,,,,热锅，锅内放入20ml - 25ml食用油。等待10秒让油温升高。,5,热锅,锅,10秒
c1eba30d91d4335f,CookingStep,葱烧海参-步骤6,,,,,,,,,放入葱白，调小火，注意不要让葱白变焦。大概煎3-5分钟即可。,6,煎,锅,3-5分钟
0a97f90267d726ff,CookingStep,葱烧海参-步骤7,,,,,,,,,用筷子夹出葱白，放入盘中备用。,7,,"筷子,盘",
8cb6f754f0c0bb7b,CookingStep,葱烧海参-步骤8,,,,,,,,,倒入调好的料汁，炒香，等待1 - 2分钟。,8,炒,锅,1-2分钟
770dfa65c6776654,CookingStep,葱烧海参-步骤9,,,,,,,,,放入切好的海参，翻炒1分钟。,9,炒,锅,1分钟
c9aa066b305acae1,CookingStep,葱烧海参-步骤10,,,,,,,,,加入100 ml的水，中小火，等待5分钟。,10,烧,锅,5分钟
312a7be71516ce89,CookingStep,葱烧海参-步骤11,,,,,,,,,等待锅中汤汁快干的时候，加入水淀粉，加入前面取出的葱白。,11,勾芡,锅,
3ebc432ebf57f1c2,CookingStep,葱烧海参-步骤12,,,,,,,,,在外观呈粘稠状态后关火，盛盘。,12,,"锅,盘",
3c3d21fead9586f0,Recipe,西红柿炒鸡蛋,荤菜,简单,家常菜,,,1人份,向鸡蛋液中加入少量醋可以去除腥味，令鸡蛋更蓬松。 | 快速做法：直接在炒好半熟鸡蛋的锅中加入西红柿块，一起翻炒至软烂，再继续调味。 | 可根据口味偏好，将加盐改为加入两滴生抽。,Dish/dinner and lunch/meat/西红柿炒鸡蛋.md,,,,,
11612c8dd00945a4,Ingredient,西红柿,,,,,,,,,,,,,
264ea5f278a6b297,CookingStep,西红柿炒鸡蛋-步骤1,,,,,,,,,西红柿洗净。可选：去掉西红柿的外表皮（开水烫表皮，然后将西红柿放入冷水，剥去外皮）。西红柿去蒂，切成边长不超过4cm的小块，即为`西红柿块`。,1,切,菜刀,
96969e8167937855,CookingStep,西红柿炒鸡蛋-步骤2,,,,,,,,,将鸡蛋打入碗中，加入`1g * 份数`的盐，搅匀，即为`鸡蛋液`（可以考虑向鸡蛋中加入1ml醋，这可以去除腥味，令鸡蛋更蓬松）。,2,搅拌,碗,
a34a53fa2602d5a7,CookingStep,西红柿炒鸡蛋-步骤3,,,,,,,,,热锅，加入食用油。油热后，倒入`鸡蛋液`。翻炒至鸡蛋结为固体且颜色微微发黄，即为`半熟鸡蛋`。,3,炒,炒锅,
62c4d2e0e8446282,CookingStep,西红柿炒鸡蛋-步骤4,,,,,,,,,关火。将`半熟鸡蛋`盛盘，重新开火（注意：不要洗锅）。加入`西红柿块`，锅铲拍打并翻炒20秒，或至西红柿软烂。,4,炒,"炒锅,锅铲",20秒
88b9ecc04fb20e26,CookingStep,西红柿炒鸡蛋-步骤5,,,,,,,,,向锅中加入`半熟鸡蛋`，翻炒均匀（可以考虑加入10ml番茄酱和50ml清水，增加汤汁；可以额外加入一些其它熟肉和材料）。加入剩余的盐、糖（可选，如果倾向于甜味版本）、葱花（可选），翻炒均匀。关火，盛盘。,5,炒,"炒锅,锅铲",
341c1e25d75a4199,Recipe,辣椒炒肉,荤菜,中等,家常菜,,,1人份,辣椒只能选择青椒，螺丝椒为最优解，切勿选择其他品种辣椒！ | 本道菜需要一定料理基础，不推荐新手尝试。,Dish/dinner and lunch/meat/辣椒炒肉.md,,,,,
9288b88cddf3cdcd,Ingredient,猪瘦肉,,,,,,,,,,,,,
630f1d19fa08b336,Ingredient,豆豉,,,,,,,,,,,,,
f83a6a91795c22f2,CookingStep,辣椒炒肉-步骤1,,,,,,,,,将青椒洗净，去除青椒把以及青椒籽，再用滚刀手法切好备用。,1,,,
a0a9b0377287fdd5,CookingStep,辣椒炒肉-步骤2,,,,,,,,,大蒜用刀拍一下，再横切成蒜瓣，生姜切碎成姜末。,2,,刀,
ff9634f07878e177,CookingStep,辣椒炒肉-步骤3,,,,,,,,,将猪瘦肉切成肉片（顺着猪肉的纹理切，即刀和肉的纹理呈水平线，出来的肉片，纹路呈“川”字）。,3,,刀,
27ef45c4c334cdef,CookingStep,辣椒炒肉-步骤4,,,,,,,,,将切好的猪肉洗净，放入空碗，再加入计算好的生抽、蚝油、盐搅拌均匀，腌制10分钟。,4,腌制,碗,10分钟
4a2251bda98770c4,CookingStep,辣椒炒肉-步骤5,,,,,,,,,热锅，不用倒油，把切好的青椒放入锅中，大火干煸至虎皮状后，再加2g盐继续翻炒1分钟后捞起。,5,"干煸,炒",锅,1分钟
ac160a00b132b562,CookingStep,辣椒炒肉-步骤6,,,,,,,,,不用洗锅，大火热锅，加入份数 * 8ml油，等待30s，加入蒜瓣、姜末翻炒15s。,6,炒,锅,45秒
72baf82b6be102b9,CookingStep,辣椒炒肉-步骤7,,,,,,,,,加入腌制好的猪肉倒入锅内翻炒2分钟，再加入干煸过的青椒翻炒1分钟。,7,炒,锅,3分钟
2972d47206fbc4e3,CookingStep,辣椒炒肉-步骤8,,,,,,,,,根据个人口味喜好加入豆豉，最后加入酱油，继续翻炒30s。,8,炒,锅,30秒
9aae038aea46ea2d,CookingStep,辣椒炒肉-步骤9,,,,,,,,,出锅，盛盘。,9,,盘,
67707d0a25be00b7,Recipe,鸡蛋火腿炒黄瓜,荤菜,简单,家常菜,,,1人份,火腿是咸的，要在调味后才加入，这样不会让火腿也沾上盐。,Dish/dinner and lunch/meat/鸡蛋火腿炒黄瓜.md,,,,,
578b346583062740,Ingredient,黄瓜,,,,,,,,,,,,,
e602331369c3b698,Ingredient,火腿肠,,,,,,,,,,,,,
fe0e1e2432c9ad3c,Ingredient,红尖椒,,,,,,,,,,,,,
59f8ec5a2ad1164e,CookingStep,鸡蛋火腿炒黄瓜-步骤1,,,,,,,,,黄瓜洗净，切半圆形片，备用。火腿切半圆形片，备用。红尖椒（可选）切碎，备用。,1,切,菜刀,
e7b473c240280df4,CookingStep,鸡蛋火腿炒黄瓜-步骤2,,,,,,,,,将鸡蛋打入碗中，搅匀，即为鸡蛋液。,2,,碗,
9cf09a9e037999b8,CookingStep,鸡蛋火腿炒黄瓜-步骤3,,,,,,,,,热锅里倒5ml食用油。油热后转小火，倒入打散的鸡蛋液，用筷子划散，翻炒至鸡蛋结为固体且颜色微微发黄，即为半熟鸡蛋，盛出备用。,3,炒,炒锅,
d7bd416e5f02c434,CookingStep,鸡蛋火腿炒黄瓜-步骤4,,,,,,,,,不用洗锅，往锅内倒入5ml食用油，倒入黄瓜片大火翻炒1分钟。,4,炒,炒锅,1分钟
e947fbda0fbf7163,CookingStep,鸡蛋火腿炒黄瓜-步骤5,,,,,,,,,把半熟鸡蛋倒入锅中，调入2g盐、3ml生抽，立刻倒入火腿片和辣椒碎（可选）翻炒均匀。,5,炒,炒锅,
d269f680284344e2,CookingStep,鸡蛋火腿炒黄瓜-步骤6,,,,,,,,,关火，盛盘。,6,,,
ac1a17871b1eae0f,Recipe,黄焖鸡,荤菜,中等,家常菜,,,,干香菇最佳，泡发后留香菇水备用，可使风味更佳。 | 炒糖色有一定难度，新手可跳过此步，在炒鸡肉时直接使用老抽替代上色。 | 汤汁不要收得太干。,Dish/dinner and lunch/meat/黄焖鸡.md,,,,,
4e39181987e113f7,Ingredient,鸡腿,,,,,,,,,,,,,
4c70d9b531a51882,Ingredient,香菇,,,,,,,,,,,,,
708e1f24fd88cd89,Ingredient,生姜片,,,,,,,,,,,,,
90e30825c05a7213,Ingredient,味精,,,,,,,,,,,,,
c4c861a331203d3a,Ingredient,土豆,,,,,,,,,,,,,
491fd61472f221e0,CookingStep,黄焖鸡-步骤1,,,,,,,,,鸡腿洗净，剁成4cm大小的块。生姜切片、干辣椒切成小圈。香菇切片，青椒切成细长的马蹄状，若为干香菇，洗净灰尘后泡一晚上并留香菇水备用。若有土豆，切为与鸡肉大小类似的滚刀块。,1,切,刀,
38e6b905737b2857,CookingStep,黄焖鸡-步骤2,,,,,,,,,锅里倒入底油，冷油时放入白糖。小火慢慢加热，待油温逐渐升高，白糖开始融化并变成较深的棕色（期间要不断搅拌，防止糊锅）。,2,炒,锅,
1db5d273b3ab7760,CookingStep,黄焖鸡-步骤3,,,,,,,,,迅速倒入鸡块，转大火，快速翻炒！烹入料酒，继续翻炒片刻。将生姜片和干辣椒倒入。放入酱油，炒匀。,3,炒,锅,
551d37cdc6cf1c77,CookingStep,黄焖鸡-步骤4,,,,,,,,,倒入香菇水或清水，以能淹住鸡肉为准。倒入香菇片，白胡椒粉，盐，土豆。翻炒均匀后，盖上锅盖焖煮，转中小火15——20分钟，有条件可以转至砂锅。,4,焖煮,"锅,锅盖,砂锅",15-20分钟
ca92db7265d13a42,CookingStep,黄焖鸡-步骤5,,,,,,,,,待鸡肉软烂，汤汁浓稠后（汤汁不要收的太干），最后放入青椒。放入味精，兜炒均匀后，关火！青椒基本断生即可，不要炒时间久了。,5,炒,锅,
c5bb059702549bf3,Recipe,排骨苦瓜汤,汤品,困难,家常菜,,,4人份,可以使用其他带有鲜味的食材代替虾皮，如瑶柱。 | 在120分钟之后可以捞出一块肉进行品尝，若肉可以较为轻松的从骨头上分离即可关火。,Dish/dinner and lunch/soup/排骨苦瓜汤.md,,,,,
8868bc192a5fd0d8,Ingredient,排骨,,,,,,,,,,,,,
ffcf88d043d63ac4,Ingredient,苦瓜,,,,,,,,,,,,,
63a0d86fabf575cc,Ingredient,虾皮,,,,,,,,,,,,,
24c26dc5ebca9d8c,Ingredient,白胡椒,,,,,,,,,,,,,
8099ad41821c039c,CookingStep,排骨苦瓜汤-步骤1,,,,,,,,,排骨洗净，切到约4cm的小块。,1,切,菜刀,
4ce604cfa13790ae,CookingStep,排骨苦瓜汤-步骤2,,,,,,,,,炒锅倒入冷水700ml和排骨一起加热至煮沸，关火捞出排骨。,2,焯水,炒锅,
34799a733222a722,CookingStep,排骨苦瓜汤-步骤3,,,,,,,,,苦瓜中间切为两半，清除干净内部的种子和苦瓜瓤，切为0.5cm的苦瓜条，洗净。,3,切,菜刀,
0056907f94360d80,CookingStep,排骨苦瓜汤-步骤4,,,,,,,,,汤锅倒入水1100ml和排骨，大火。等待水沸腾后将苦瓜和虾皮下锅转小火，等待120~240分钟。,4,炖,汤锅,120-240分钟
4ec081bb3f1bf90d,CookingStep,排骨苦瓜汤-步骤5,,,,,,,,,出锅时加盐和白胡椒，推荐量为每250ml 0.3到0.6g盐，0.1到0.5g白胡椒。,5,调味,,
e030434706fd3aea,RecipeCategory,汤品,,,,,,,,,,,,,
10cf45e70b7fe3eb,Recipe,玉米排骨汤,汤品,中等,家常菜,,,,排骨焯水时凉水下锅，能更好地去除血沫和腥味。 | 煸炒排骨时放入醋，可以加速肉质软烂。 | 炖汤时开水要一次加足，中途不要加水。,Dish/dinner and lunch/soup/玉米排骨汤.md,,,,,
fd13e5881d4211a1,Ingredient,胡萝卜,,,,,,,,,,,,,
fd0c9db7a6a22d61,Ingredient,大葱,,,,,,,,,,,,,
a70f44387974ed9e,Ingredient,黑胡椒粉,,,,,,,,,,,,,
eb1264a1ee4ec1e3,CookingStep,玉米排骨汤-步骤1,,,,,,,,,大葱切成3-4cm的大段，用刀背拍一下。玉米剁成小块。胡萝卜切成滚刀块。生姜去皮切大片。新鲜的排骨砍成小块。,1,切,刀,
5aa3aa853cfc155a,CookingStep,玉米排骨汤-步骤2,,,,,,,,,排骨凉水下锅，放入大葱、生姜、料酒开始焯水，大火烧开，撇去浮沫，捞出排骨，沥干水分。,2,焯水,锅,
360fa77fff98bd19,CookingStep,玉米排骨汤-步骤3,,,,,,,,,热锅凉油，切大片的生姜和排骨一起下锅煸炒，待排骨表面微微焦黄，放入醋（可加速肉质软烂），继续煸炒一分钟。,3,煸炒,锅,1分钟
ce9f7b34887d10c6,CookingStep,玉米排骨汤-步骤4,,,,,,,,,冲入开水，一次给足，之后就不要再加了，大火烧开。,4,烧,锅,
424110f5eca66fa7,CookingStep,玉米排骨汤-步骤5,,,,,,,,,先下入玉米，放入胡椒粉，盖盖小火炖二十分钟，然后放入胡萝卜，盖盖继续小火炖四十分钟。,5,炖,"砂锅,锅",60分钟
6b3ee253c20e7763,CookingStep,玉米排骨汤-步骤6,,,,,,,,,出锅前三分钟，除了盐什么都不用放，最后撒上一把小葱花即可。,6,调味,,3分钟
8e0c85939ec53b4c,Recipe,紫菜蛋花汤,汤品,简单,家常菜,,,1人份,水开后，将火关小，将打好的蛋液围绕中间沸腾的水倒入。为了使蛋花比较嫩，锅盖盖上熄灭火等半分钟后再打开。 | 如果喜欢浓稠口感，可加入2g淀粉。,Dish/dinner and lunch/soup/紫菜蛋花汤.md,,,,,
702e1865287050f9,Ingredient,紫菜,,,,,,,,,,,,,
fb76ded324b3c952,Ingredient,虾仁,,,,,,,,,,,,,
61d72977e7d9e184,CookingStep,紫菜蛋花汤-步骤1,,,,,,,,,干紫菜用清水泡15分钟，捞起沥干水份备用。,1,浸泡,,15分钟
8d16e33bde074bbf,CookingStep,紫菜蛋花汤-步骤2,,,,,,,,,热锅，倒入1.5升清水、5ml油、2g盐。待水开后放入紫菜。,2,煮,锅,
6c60a6a60c470553,CookingStep,紫菜蛋花汤-步骤3,,,,,,,,,紫菜烧开后3分钟，将打好的蛋液徐徐倒入锅内，30秒既可起锅。,3,煮,锅,3分30秒
dd6480e2b760788a,CookingStep,紫菜蛋花汤-步骤4,,,,,,,,,撒上葱花，转小火20秒。,4,煮,锅,20秒
564a8d42f85092f0,CookingStep,紫菜蛋花汤-步骤5,,,,,,,,,关火，出锅前放入几滴香油，也有的会放入一点虾皮，味道也不错。,5,,,
231d29d4ab20abb3,Recipe,羊肉汤,汤品,中等,家常菜,,,,加入开水时，注意要开大火，使油脂与汤汁更好的融合。,Dish/dinner and lunch/soup/羊肉汤.md,,,,,
50ccd5256717699b,Ingredient,羊肉,,,,,,,,,,,,,
5c892ba5ba5ddd13,Ingredient,孜然粉,,,,,,,,,,,,,
ecd933fa92ebaa43,CookingStep,羊肉汤-步骤1,,,,,,,,,羊肉切成长5cm宽0.5cm的块。大葱切成小段。,1,切,菜刀,
51b97ccdfecb4300,CookingStep,羊肉汤-步骤2,,,,,,,,,羊肉放入锅中，加入1000ml常温水，加入料酒、大葱。煮沸2分钟后，捞出羊肉，使用常温水洗净，沥干水分。,2,焯水,锅,2分钟
0a8abf3a2a469aa6,CookingStep,羊肉汤-步骤3,,,,,,,,,热锅加入食用油，加入羊肉，翻炒2分钟至羊肉表面微黄。,3,炒,锅,2分钟
828139362ff71453,CookingStep,羊肉汤-步骤4,,,,,,,,,加入开水，开到大火档位。5分钟后，加入白胡椒粉、盐，继续煮沸5分钟。,4,煮,锅,10分钟
73879902023c0251,CookingStep,羊肉汤-步骤5,,,,,,,,,出锅之后，加入香菜、孜然粉，搅拌均匀。,5,搅拌,,
66a094b270e52b80,Recipe,菌菇炖乳鸽,汤品,困难,家常菜,,,2人份,焯水时间不宜过长，水开即可捞出，以免营养流失。 | 根据使用的工具（高压锅或瓦罐）调整炖煮时间。,Dish/dinner and lunch/soup/菌菇炖乳鸽.md,,,,,
0890ceb4dfc72463,Ingredient,乳鸽,,,,,,,,,,,,,
ece4e56397856e18,Ingredient,菌菇,,,,,,,,,,,,,
9985bde4659f8be0,CookingStep,菌菇炖乳鸽-步骤1,,,,,,,,,冷水洗干净热心摊主处理好的乳鸽。,1,清洗,,
16da71db190301ba,CookingStep,菌菇炖乳鸽-步骤2,,,,,,,,,冷水锅中放入洗干净的乳鸽，加入15ml料酒与姜，水煮开即可捞出乳鸽，要不然会丢失营养。,2,焯水,锅,
1173125ddf1fbad2,CookingStep,菌菇炖乳鸽-步骤3,,,,,,,,,把乳鸽放到高压锅或者瓦罐中、倒入的水要没过乳鸽，放入生姜20g，玉米200g、菌菇100g。注意：高压锅30分钟，瓦罐需在水烧开后转小火慢炖40-60分钟。,3,炖,"高压锅,瓦罐",30-60分钟
f0f8401b34613b1c,CookingStep,菌菇炖乳鸽-步骤4,,,,,,,,,时间到了，盛到碗中，加入3~5g盐即可。,4,调味,,
edea0ef34af44d12,Recipe,凉拌金针菇,素菜,简单,家常菜,,,1人份,金针菇焯水时间不宜过长，以免影响口感。 | 酱汁的比例可以根据个人口味喜好进行调整。 | 如果不喜欢吃辣，可以省略辣椒油。,Dish/dinner and lunch/vegetable/凉拌金针菇.md,,,,,
bb154589aa0ece72,Ingredient,金针菇,,,,,,,,,,,,,
6062648b34c8fd88,Ingredient,香油,,,,,,,,,,,,,
02cd318784d9a45a,Ingredient,辣椒油,,,,,,,,,,,,,
326782839c2b3177,CookingStep,凉拌金针菇-步骤1,,,,,,,,,将金针菇根部切除，用清水冲洗干净，备用。,1,,,
b3e592edc8e202dd,CookingStep,凉拌金针菇-步骤2,,,,,,,,,将小葱洗净，切成葱花，备用。,2,,,
1326d22c02a855a6,CookingStep,凉拌金针菇-步骤3,,,,,,,,,将大蒜去皮，切成蒜末，备用。,3,,,
4327b37fa6971517,CookingStep,凉拌金针菇-步骤4,,,,,,,,,锅中加入1000 ml饮用水，大火烧开。,4,,锅,
767910bf309209f7,CookingStep,凉拌金针菇-步骤5,,,,,,,,,放入金针菇，煮1-2分钟，至金针菇变软。,5,焯水,锅,1-2分钟
ebbb1a0b9e70cbf8,CookingStep,凉拌金针菇-步骤6,,,,,,,,,将煮好的金针菇捞出，沥干水分，放入一个较大的碗中，备用。,6,,,
739e2d0982bbcd43,CookingStep,凉拌金针菇-步骤7,,,,,,,,,在另一个干净的小碗中，加入15 ml生抽，10 ml醋，3 g白糖（可选），5 ml香油（可选）。,7,,碗,
1850682df0498f0d,CookingStep,凉拌金针菇-步骤8,,,,,,,,,加入切好的大蒜末。,8,,,
f445597727b99b6a,CookingStep,凉拌金针菇-步骤9,,,,,,,,,搅拌均匀，使白糖充分溶解，酱汁混合均匀。,9,,,
f24427900e9df1c1,CookingStep,凉拌金针菇-步骤10,,,,,,,,,将制作好的酱汁均匀淋在金针菇上。,10,,,
6ad42fcc23d9d172,CookingStep,凉拌金针菇-步骤11,,,,,,,,,撒上切好的小葱花。,11,,,
e1b9c2430564a356,CookingStep,凉拌金针菇-步骤12,,,,,,,,,根据个人喜好，淋上5 ml辣椒油（可选）。,12,,,
9b7a3411fd64b122,CookingStep,凉拌金针菇-步骤13,,,,,,,,,用筷子轻轻拌匀，即可食用。,13,,筷子,
8c5a6906a9c7e797,RecipeCategory,素菜,,,,,,,,,,,,,
70c402155afe1003,Recipe,地三鲜,素菜,中等,家常菜,,,2-4人份,糖比淀粉多是非常合理的。淀粉在这里不负责提供味道，它只是一种物理增稠剂。 | 茄子在煎炸以后，体积会缩小4倍。这是正常的。 | 青椒下锅的瞬间可能会爆发很多水分，导致油飞溅。务必下锅时用锅盖当盾牌挡在身前，小心下锅。,Dish/dinner and lunch/vegetable/地三鲜.md,,,,,
235c2c8ad80e2868,Ingredient,茄子,,,,,,,,,,,,,
d5c10128dd3ae3c1,Ingredient,尖椒,,,,,,,,,,,,,
a9ee11c0b1e01174,Ingredient,豆瓣酱,,,,,,,,,,,,,
17be33197573887b,CookingStep,地三鲜-步骤1,,,,,,,,,土豆、茄子、尖椒洗净。土豆去皮。茄子、土豆均切成15g的不规则小块。尖椒用手顺着纹路撕成比土豆、茄子略大25%的块。尽可能除去青椒表面水分。葱切0.5cm小段取5g。蒜剁碎成蒜蓉取15g，分成两份。姜切沫取5g。拿空碗放入生抽10ml、糖10g、淀粉8g，加入80ml清水，彻底搅拌均匀，作为调料碗备用。,1,切，撕，搅拌,菜刀，碗,
5be87a05d45cb7a4,CookingStep,地三鲜-步骤2,,,,,,,,,热锅，加入150ml油。加入土豆，煎炸大约3-4分钟，以显示金黄色、筷子能轻松扎透为准。捞出土豆，留下油。,2,煎，炸,锅,3-4分钟
5296f6400f6f0fc8,CookingStep,地三鲜-步骤3,,,,,,,,,加入茄子，煎炸大约2-3分钟，待其到大约7分熟，以茄子变软、边缘微焦且吐出多余油脂为准。捞出茄子，留下油。,3,煎，炸,锅,2-3分钟
f153e593f21fdbea,CookingStep,地三鲜-步骤4,,,,,,,,,如果锅内已无流动的油，可补充15ml油。加入尖椒块，煎炸大约15秒，边缘稍微起虎皮后，立刻捞出。倒出锅里的油。,4,煎，炸,锅,15秒
359e0d7c70b931f0,CookingStep,地三鲜-步骤5,,,,,,,,,重新热锅，重新加入15ml新底油。放入葱5g，姜5g，蒜7.5g。中小火爆香。放入豆瓣酱15ml。转小火，炒出红油和酱香味。,5,爆香，炒,锅,
3da66af1a1bcc2b7,CookingStep,地三鲜-步骤6,,,,,,,,,倒入调料碗。立刻转大火，高速搅拌避免糊锅！大约10秒后汤汁开始冒泡并变得黏稠。立刻放入之前准备好的全部土豆、茄子和尖椒。翻炒20秒，让浓稠的酱汁均匀挂在食材上。关火，撒入7.5g蒜。翻拌均匀，盛盘。,6,搅拌，翻炒,锅,30秒
9bf4de02fa6481be,Recipe,手撕包菜,素菜,中等,湘菜,,,,步骤五中，翻炒时间需要实际情况做调整，一般是炒到包菜七分熟后即可。七分熟是指包菜已经出水质感变软。 | 步骤五中，加盐的作用是锁住包菜水分的同时，给包菜上一点味道。 | 最后一个步骤中，翻炒时间根据实际情况和个人口感做灵活调整。,Dish/dinner and lunch/vegetable/手撕包菜.md,,,,,
21324784ce329acf,Ingredient,包菜,,,,,,,,,,,,,
8c7adab31f82dd88,Ingredient,五花肉,,,,,,,,,,,,,
57b342e338cdb996,Ingredient,小米辣,,,,,,,,,,,,,
277376e726631405,Ingredient,香醋,,,,,,,,,,,,,
911b4bc6c24698c5,Ingredient,鸡精,,,,,,,,,,,,,
ee172d1e1d07d204,Ingredient,蒜头,,,,,,,,,,,,,
30e0f570e6e72d7a,Ingredient,蒜苗,,,,,,,,,,,,,
6c9002a87b8c3236,CookingStep,手撕包菜-步骤1,,,,,,,,,包菜对半切开，去掉中间白色部分。,1,,,
70c20994aa9f1287,CookingStep,手撕包菜-步骤2,,,,,,,,,手撕包菜，碗中放入 2 g 盐，清洗包菜并沥干备用。,2,清洗,碗,
7626cf88fb704199,CookingStep,手撕包菜-步骤3,,,,,,,,,姜片、蒜头、小米辣、蒜苗处理后备用。,3,,,
7b7fe6771a46d61f,CookingStep,手撕包菜-步骤4,,,,,,,,,五花肉切片，清水清洗后备用。,4,清洗,,
a4410f3bf12c56ec,CookingStep,手撕包菜-步骤5,,,,,,,,,锅中加入 30 ml 食用油，倒入包菜翻炒，大火翻炒 1 分钟后，加入 3 g 盐 ，继续翻炒 2 分钟后取出备用。,5,炒,锅,3分钟
201d4e39713b8f03,CookingStep,手撕包菜-步骤6,,,,,,,,,锅中加入 30 ml 食用油，倒入五花肉，大火翻炒 1 分钟。,6,炒,锅,1分钟
7a9f09360dc2e555,CookingStep,手撕包菜-步骤7,,,,,,,,,倒入姜片等材料，翻炒 1 分钟。,7,炒,锅,1分钟
9d548fb7bb2ffad4,CookingStep,手撕包菜-步骤8,,,,,,,,,倒入包菜翻炒后，加入 香醋、料酒、鸡精、料酒，大火继续翻炒，2 分钟后出锅。,8,炒,锅,2分钟
f4415ea6d38cbb10,Recipe,炒青菜,素菜,简单,家常菜,,10分钟,1人份,加入白糖，会让青菜颜色更绿。,Dish/dinner and lunch/vegetable/炒青菜.md,,,,,
ccdf3541d354570f,Ingredient,青菜,,,,,,,,,,,,,
8acd5572753a0cd8,Ingredient,蒜瓣,,,,,,,,,,,,,
a591c065d4c95de6,CookingStep,炒青菜-步骤1,,,,,,,,,青菜掰成小瓣，用清水洗净，备用。,1,,,
2002715dfe260d7a,CookingStep,炒青菜-步骤2,,,,,,,,,将蒜瓣剁碎，备用。,2,,,
c258a9efaa7bdcbc,CookingStep,炒青菜-步骤3,,,,,,,,,中火或大火热锅后，锅内放入10-15ml食用油。再等待30秒让油温升高。,3,炒,锅,30秒
017c908348e5abb4,CookingStep,炒青菜-步骤4,,,,,,,,,将准备好的青菜倒入锅中，翻炒至青菜变软（约1分钟）。,4,炒,锅,1分钟
080cd0c96e24a9c5,CookingStep,炒青菜-步骤5,,,,,,,,,放入剁碎的蒜瓣。,5,炒,锅,
3b76d1dd8bbad3da,CookingStep,炒青菜-步骤6,,,,,,,,,倒入计算好的清水，水位应当完全浸润或即将没过青菜，加入食盐（2g * 份数），继续翻炒约1分钟。,6,炒,锅,1分钟
a1300c1a2954a260,CookingStep,炒青菜-步骤7,,,,,,,,,最后加入白糖小火加热2分钟，加热时盖上锅盖。,7,煮,锅，锅盖,2分钟
edb2419891987c78,CookingStep,炒青菜-步骤8,,,,,,,,,盛盘。,8,,,
27adf0170b6bf40b,Recipe,白灼菜心,素菜,简单,粤菜,,,2人份,选择菜心一定要比较新鲜。 | 锅内烧清水要加油和盐。 | 料汁中可加淀粉使汤汁更容易挂在菜心上。,Dish/dinner and lunch/vegetable/白灼菜心.md,,,,,
db4b49ac4a75d123,Ingredient,菜心,,,,,,,,,,,,,
2d8c74bc658e91e8,CookingStep,白灼菜心-步骤1,,,,,,,,,菜心洗净，去除根部比较硬或老的地方。用刀刮掉菜心根茎部分外面那层比较硬的皮。,1,处理,刀,
6aba981b9dad68a4,CookingStep,白灼菜心-步骤2,,,,,,,,,大蒜切成蒜末。,2,切,刀,
c55301a7f2eead09,CookingStep,白灼菜心-步骤3,,,,,,,,,调制料汁：将生抽、蚝油、糖和清水混合成一碗汁。,3,调制,,
fa564ebc1fa055a1,CookingStep,白灼菜心-步骤4,,,,,,,,,一锅清水加盐和食用油烧开。,4,烧水,锅,
1b95aea324dc3e85,CookingStep,白灼菜心-步骤5,,,,,,,,,将菜心根茎在沸水中烫1分钟，直到根茎颜色变成深绿。再将整个菜心放到锅中烫熟1分钟，捞起来码入盘中。,5,焯水,锅,2分钟
75b86e54d44dbabc,CookingStep,白灼菜心-步骤6,,,,,,,,,开另一小锅，将兑好的料汁倒入，小火烧开，放入一半的蒜末、姜丝和小米椒碎。也可先在锅底倒油，爆香蒜末、洋葱后再加入料汁煮开。,6,煮,锅,
eb6217487576e649,CookingStep,白灼菜心-步骤7,,,,,,,,,料汁稍微收汁，煮沸后稍等十来秒，直接浇在菜心上。,7,浇汁,,
e118194e75dd4f14,Recipe,蒲烧茄子,素菜,中等,家常菜,,,,如果觉得腻可以在装盘后撒点切成2~5 mm的小葱，颜色搭配上也能不那么单调。 | 灵魂其实在于蒲烧汁？也可以买现成的蒲烧汁。,Dish/dinner and lunch/vegetable/蒲烧茄子.md,,,,,
69593d8edc9f6e20,Ingredient,蜂蜜,,,,,,,,,,,,,
c4bebcba3f71fd65,CookingStep,蒲烧茄子-步骤1,,,,,,,,,茄子削皮、横着切成两段。,1,,菜刀,
f1815624f8ecfb7d,CookingStep,蒲烧茄子-步骤2,,,,,,,,,蒸5分钟。,2,蒸,蒸锅,5分钟
2a39db57bb5b7c8c,CookingStep,蒲烧茄子-步骤3,,,,,,,,,纵向切开，不要切断，在两边切面各划2~3刀至可以摊平。,3,,菜刀,
11f217664d653798,CookingStep,蒲烧茄子-步骤4,,,,,,,,,煎至两面金黄。,4,煎,不粘锅或铁锅,
41d097d9e8119cfb,CookingStep,蒲烧茄子-步骤5,,,,,,,,,往茄子上浇蒲烧汁至没过1/2茄子高度。,5,,,
0021bef03dc4f5c5,CookingStep,蒲烧茄子-步骤6,,,,,,,,,煎至背面上色，翻面，同时收汁，若无法收汁可以加入水淀粉（生粉和水的比例在1:4到1:10根据收汁情况而定）。,6,煎，收汁,锅,
1acc6097fa10b10a,CookingStep,蒲烧茄子-步骤7,,,,,,,,,把剩下的蒲烧汁浇在茄子上。,7,,,
daf25d1b4b0ba3ae,CookingStep,蒲烧茄子-步骤8,,,,,,,,,出锅，一份茄子烧蒲烧汁就烧好了。,8,,,
5ce30efa50cfddd6,Recipe,冬瓜茶,饮品,简单,家常菜,,,4-5人份,冰糖的用量可以调整，以达到个人喜好的甜度。 | 冷藏保存，建议 1 周内喝完。,Dish/drink/冬瓜茶.md,,,,,
519d326c729e576c,Ingredient,冬瓜,,,,,,,,,,,,,
7103cde0cc34876a,CookingStep,冬瓜茶-步骤1,,,,,,,,,准备冬瓜：将冬瓜去皮，去籽，切成小块（每块不超过 4cm）。,1,切,菜刀,
f3f106e38e94bba7,CookingStep,冬瓜茶-步骤2,,,,,,,,,加入冰糖：冬瓜加入冰糖，搅拌均匀，盖上保鲜膜放冰箱冷藏 2 小时以上。,2,"搅拌,冷藏",保鲜膜,2小时以上
9b7cf29adb32280d,CookingStep,冬瓜茶-步骤3,,,,,,,,,"煮冬瓜： 此时冬瓜出了很多水, 倒入锅中 大火煮开，然后转中小火慢慢熬制 1~2 个小时，中途多搅拌防止糊锅。",3,"煮,熬制",大锅,1-2小时
18df50d2d7deacc7,CookingStep,冬瓜茶-步骤4,,,,,,,,,过滤冬瓜茶：使用过滤网将煮好的冬瓜茶液过滤，取出冬瓜块，只保留茶液。,4,过滤,过滤网,
0fcd353602a74508,CookingStep,冬瓜茶-步骤5,,,,,,,,,冷却：将冬瓜茶液放凉后，倒入干净的容器中，放入冰箱冷藏即可。,5,"冷却,冷藏",容器,
8aa7ef6c26015210,RecipeCategory,饮品,,,,,,,,,,,,,
baee12f238d2a420,Recipe,冰粉,饮品,简单,豫菜,,3小时,5人份,操作时，需要注意观察凉白开的颜色和粘度变化，如颜色过浅或者水不黏，则说明冰粉籽量不足，或者是揉搓力度和时间没有到位。,Dish/drink/冰粉.md,,,,,
44b5c39b472ff3e7,Ingredient,冰粉籽,,,,,,,,,,,,,
42b1401f845f4a53,Ingredient,凉白开,,,,,,,,,,,,,
8da77465fb04570b,Ingredient,薄荷汁,,,,,,,,,,,,,
3b70cd56de4a1319,Ingredient,薄荷粉,,,,,,,,,,,,,
5e0a5984e6f401b7,Ingredient,过滤豆浆渣的纱布,,,,,,,,,,,,,
df3cf58b397f91a6,Ingredient,一次性透明塑料杯,,,,,,,,,,,,,
d6d0d0dc3697268c,Ingredient,遇水发光冰块,,,,,,,,,,,,,
45be23d4ca59b5cc,CookingStep,冰粉-步骤1,,,,,,,,,将凉白开倒入盆中。,1,,盆,
333599ce541af0f2,CookingStep,冰粉-步骤2,,,,,,,,,将冰粉籽全部用纱布包起来，开口处打结。,2,,纱布,
a2a6fde93fcf669d,CookingStep,冰粉-步骤3,,,,,,,,,将包好的冰粉籽放入凉白开中，在凉白开中用力揉搓6分钟。,3,揉搓,,6分钟
11bce05461a4723b,CookingStep,冰粉-步骤4,,,,,,,,,然后将凉白开放置2.5小时，即可成型。,4,静置,,2.5小时
ffc0649e5b0afcaa,CookingStep,冰粉-步骤5,,,,,,,,,随后将石凉粉用勺子装进准备好的一次性透明塑料杯中，加入10ml薄荷汁或者10g薄荷粉（柠檬汁、山楂汁、桑椹汁也可），再放入遇水发光冰块，用勺子慢慢搅拌均匀。,5,搅拌,勺子，一次性透明塑料杯,
ad4d67d72d012e77,Recipe,杨枝甘露,饮品,简单,家常菜,,,,奇亚籽可以代替西谷米，用泡不用煮，省时。 | 点缀用的芒果干和柳橙干是可选材料。,Dish/drink/杨枝甘露.md,,,,,
928ccf51e609b4cb,Ingredient,奇亚籽,,,,,,,,,,,,,
4a4a70b87e4cb81b,Ingredient,牛奶,,,,,,,,,,,,,
7ae4601f5e1ed8e3,Ingredient,冰块,,,,,,,,,,,,,
9458a660bb996a3d,Ingredient,芒果,,,,,,,,,,,,,
a38656eacbd32e20,Ingredient,葡萄柚,,,,,,,,,,,,,
64a38fde9c3749f7,Ingredient,椰奶,,,,,,,,,,,,,
9981c562154ed00b,Ingredient,芒果干,,,,,,,,,,,,,
7466bab8dfe5b810,Ingredient,柳橙干,,,,,,,,,,,,,
b688d847930acebb,CookingStep,杨枝甘露-步骤1,,,,,,,,,奇亚籽泡牛奶 10 分钟。,1,泡,杯子,10分钟
e029a9b41a14412a,CookingStep,杨枝甘露-步骤2,,,,,,,,,泡籽之时，把半粒芒果、葡萄柚去皮切丁，放入杯中。,2,切,"水果刀,杯子",
376a6aefcb16b49a,CookingStep,杨枝甘露-步骤3,,,,,,,,,半粒芒果切小块放入调理机加冰块、椰奶打成泥。,3,打,调理机,
7d0de73d519a051e,CookingStep,杨枝甘露-步骤4,,,,,,,,,倒入杯中，放上点缀材料（如有）。,4,,杯子,
df61c64ff1221e05,Recipe,柠檬水,饮品,非常简单,家常菜,,,一杯分量，约500毫升,,Dish/drink/柠檬水.md,,,,,
e440a12f0187280b,Ingredient,柠檬,,,,,,,,,,,,,
a2819f098b0358be,Ingredient,果蜜,,,,,,,,,,,,,
b8fbd20476aae9ce,Ingredient,冰,,,,,,,,,,,,,
26547dc43ed8388d,CookingStep,柠檬水-步骤1,,,,,,,,,称40~45克柠檬，放入雪克杯中,1,,雪克杯,
b97f80ba738c9852,CookingStep,柠檬水-步骤2,,,,,,,,,雪克杯盖盖子锤大约10次,2,,雪克杯,
946201193b1620bf,CookingStep,柠檬水-步骤3,,,,,,,,,加入果蜜40~45克,3,,,
aabc6498cc0823e2,CookingStep,柠檬水-步骤4,,,,,,,,,补水,4,,,
dcb3e81ca62e05dc,CookingStep,柠檬水-步骤5,,,,,,,,,摇晃均匀,5,,雪克杯,
dcb1d865f6d18fdd,CookingStep,柠檬水-步骤6,,,,,,,,,最后根据喜好加冰,6,,,
d7efdbae0a6483af,DifficultyLevel,非常简单,,,,,,,,,,,,,
79af32784f41f8d7,Recipe,酸梅汤,饮品,困难,家常菜,2小时以上,60分钟,,放入冰箱冷藏后再饮用效果更佳。 | 所有用量可以等比例增加或减小。,Dish/drink/酸梅汤.md,,,,,
727ca3484bc9137e,Ingredient,乌枣,,,,,,,,,,,,,
1df9110c26df234e,Ingredient,乌梅,,,,,,,,,,,,,
75414f943a5f6537,Ingredient,黄冰糖,,,,,,,,,,,,,
d4389fa52219ca36,Ingredient,山楂片,,,,,,,,,,,,,
5cd5f051f52daf69,Ingredient,甘草,,,,,,,,,,,,,
59c4989d6c6f70ca,Ingredient,陈皮,,,,,,,,,,,,,
e83f70226243628c,Ingredient,红豆蔻,,,,,,,,,,,,,
905a8e646557f2ec,Ingredient,干桂花,,,,,,,,,,,,,
ff1d7aa07171c9f7,CookingStep,酸梅汤-步骤1,,,,,,,,,冲洗材料（干桂花和冰糖除外），用1.5升水常温浸泡两小时以上。,1,浸泡,,2小时以上
ed5941d4990b1656,CookingStep,酸梅汤-步骤2,,,,,,,,,开中大火煮沸，盖盖，转小火煮40分钟，为头煎。,2,煮,锅,40分钟
884057e6363db4db,CookingStep,酸梅汤-步骤3,,,,,,,,,将冰糖放入盆内，再将沥好用材的头汤趁热倒入，搅拌至冰糖融化。,3,搅拌,盆,
e909c36f34182d41,CookingStep,酸梅汤-步骤4,,,,,,,,,药材重新装回锅内再加600毫升的水，开大火煮沸，盖盖，转中火，再煮20分钟为二煎。,4,煮,锅,20分钟
9ef704a45b1324b5,CookingStep,酸梅汤-步骤5,,,,,,,,,将二煎和冰糖水趁热混合为成品。在成品60-70℃加入干桂花（不要超过80℃）加盖晾凉再放入冰箱冷藏3小时以上。,5,混合，冷藏,冰箱,3小时以上
b812b39be876a204,CookingStep,酸梅汤-步骤6,,,,,,,,,饮用时记得将干桂花沥出。如饮茶般细啜，冰凉振齿，酸醒人、甜适度，滋味丰满而悠长。,6,,,
3d2c24a9e6128d1b,Recipe,长岛冰茶,饮品,简单,西式,,,一杯分量,长岛冰茶不含茶却有着冰茶的口感，是一种有着较高酒精度（约15%），但口感柔和易于接受的鸡尾酒。,Dish/drink/长岛冰茶.md,,,,,
7aaebab0b170f465,Ingredient,金酒,,,,,,,,,,,,,
6c5c045699acc7c7,Ingredient,龙舌兰酒,,,,,,,,,,,,,
e8bcc068d615b879,Ingredient,伏特加,,,,,,,,,,,,,
e9753057738c45fc,Ingredient,白朗姆酒,,,,,,,,,,,,,
b2241cde7593e9f9,Ingredient,橙味甜酒,,,,,,,,,,,,,
472270fd779190d1,Ingredient,柠檬汁,,,,,,,,,,,,,
593da6d20ff68652,Ingredient,枫糖浆,,,,,,,,,,,,,
8c34139cb8984d46,CookingStep,长岛冰茶-步骤1,,,,,,,,,柠檬对半切，挤出30ml柠檬汁至杯中。,1,榨汁,高球杯,
b3e5e843cbf599ba,CookingStep,长岛冰茶-步骤2,,,,,,,,,依次向杯中加入15ml金酒、15ml龙舌兰酒、15ml伏特加、15ml白朗姆酒、15ml橙味甜酒。,2,,高球杯,
debe0fed84eea37f,CookingStep,长岛冰茶-步骤3,,,,,,,,,向杯中缓慢倒入20ml枫糖浆，边倒边搅拌。,3,搅拌,,
885d407b537c84b7,CookingStep,长岛冰茶-步骤4,,,,,,,,,向杯中加入75ml可乐。,4,,高球杯,
10ac01d93a798ef3,CookingStep,长岛冰茶-步骤5,,,,,,,,,向杯中加入冰块直至满杯。,5,,高球杯,
0fa75c3a4f26ada9,CookingStep,长岛冰茶-步骤6,,,,,,,,,轻轻搅拌20秒。,6,搅拌,,20秒
cab2fc63a5052cdf,Recipe,意式肉酱面,主食,非常简单,西式,,15分钟,2人份,意大利面分为很多不同的粗细，煮面条之前请注意意面盒子上标注的时间。 | 意大利面酱并不是番茄酱，平常用的番茄酱准确是叫番茄沙司，而意大利面酱虽然和番茄沙司都是调味过的番茄酱，但加的调味料不同。,Dish/staple/意式肉酱面.md,,,,,
8d01d5e98109e11a,Ingredient,意大利面,,,,,,,,,,,,,
4cb1138fbf940956,Ingredient,肉沫,,,,,,,,,,,,,
6d0ebca0d8c5aa0e,Ingredient,意大利面酱,,,,,,,,,,,,,
4cae28c8f47dc509,CookingStep,意式肉酱面-步骤1,,,,,,,,,锅中加水，烧开后放入意面（等待6 - 12分钟）。,1,煮,锅,6-12分钟
3d7c003319784c92,CookingStep,意式肉酱面-步骤2,,,,,,,,,洋葱切成小丁。,2,切,刀,
8041026d5081849e,CookingStep,意式肉酱面-步骤3,,,,,,,,,空锅中倒油，中火下入洋葱碎，时刻搅拌，注意不要让洋葱烧糊，直到洋葱变成半透明状。,3,炒,锅,
4d6ddb3f9123c90d,CookingStep,意式肉酱面-步骤4,,,,,,,,,下入肉沫，继续搅拌（搅散），直到肉末变成棕色。,4,炒,锅,
631745cd7274f857,CookingStep,意式肉酱面-步骤5,,,,,,,,,加入意大利面酱，稍微搅拌一下即可。,5,炒,锅,
219663b23052ce6d,CookingStep,意式肉酱面-步骤6,,,,,,,,,把煮好的意大利面沥干水分并倒入肉酱中搅拌均匀即可（或者直接把做好的肉酱倒在意面上也行）。,6,沥干，搅拌,,
bb8424b340ea55d1,RecipeCategory,主食,,,,,,,,,,,,,
08b06913ca4bcbf9,Recipe,手工水饺,主食,非常困难,家常菜,,,单人份,煮水饺不需要盖锅盖，加三次水就是为了不让饺子一直处于沸腾状态导致表皮破损变成面片。 | 考虑搭配黑醋、姜丝、香油或蒜泥制作蘸料。,Dish/staple/手工水饺.md,,,,,
d9bcc989bea6d56e,Ingredient,面粉,,,,,,,,,,,,,
4e26da90a87eccec,Ingredient,芝麻香油,,,,,,,,,,,,,
404a46d8806e1de2,Ingredient,瘦肉末,,,,,,,,,,,,,
37bbd6b481ecc535,Ingredient,肥肉末,,,,,,,,,,,,,
8d5026173a49e09d,Ingredient,韭菜,,,,,,,,,,,,,
e2d17a64f20641d2,CookingStep,手工水饺-步骤1,,,,,,,,,盆中加入所有面粉，加入芝麻香油。面粉中央挖小洞，分4-5次加入水并搅和，当出现碎末状的稍微干燥面团时取消加水，用手将面团压实。面团压实至可把盆周围的面粉纳入即可（面光盆光）。,1,和面,盆,
468dad2fcb14ab8e,CookingStep,手工水饺-步骤2,,,,,,,,,将面团置于桌上，盆倒扣于桌上，在环境温度25度下使面团醒发约45分钟。,2,醒发,盆,45分钟
1365b41102026e8a,CookingStep,手工水饺-步骤3,,,,,,,,,醒发完成后，将面团搓成条状，合成一团，再次搓成条，重复3次。擀成条状，切成20份均匀大小面团，并搓成直径约3-3.5cm的球状。,3,揉面，分割,,
649731f804b8795c,CookingStep,手工水饺-步骤4,,,,,,,,,压扁面团，在手上、桌上、擀面杖上及面团上撒上面粉防止发粘。用擀面杖将面团擀平，约8cm直径，厚约2mm，中间略微比四周厚1mm。,4,擀皮,擀面杖,
0883e6a4ce14e55c,CookingStep,手工水饺-步骤5,,,,,,,,,猪肉去皮，保留部分肥肉，切成小块。用菜刀（建议两把）将猪肉剁成肉沫，放入碗中。,5,切，剁,菜刀,
048578d928e2f2c6,CookingStep,手工水饺-步骤6,,,,,,,,,葱、姜切成末，放入肉碗中搅拌均匀。韭菜洗净，切短至3mm以下长度。,6,切,菜刀,
c5d460060f505830,CookingStep,手工水饺-步骤7,,,,,,,,,韭菜和肉沫混合，加入蚝油、生抽、香油各2ml，加入一个鸡蛋的蛋清，用手混合搅拌均匀。放置30分钟即可开始包饺子。,7,搅拌,,30分钟
63be315acc53b866,CookingStep,手工水饺-步骤8,,,,,,,,,左手上放面皮，放饺子馅一面尽量不要粘到面粉。右手用筷子夹约面皮1/2直径的馅，沿饺子皮圆周进行合拢，捏实，个人吃无需捏花，饺子皮不漏即可。,8,包,筷子,
fa9142d9cedb6db4,CookingStep,手工水饺-步骤9,,,,,,,,,使用可放下20只饺子的锅，或分批量煮。烧水，水约3/4锅的高度。大火烧开水后放入饺子，调至中火。,9,煮,锅,
ebb1cc9f92a9faa8,CookingStep,手工水饺-步骤10,,,,,,,,,第一次放入饺子，且水冒泡后，锅边加入50ml冷水（重复此步骤两次）。第三次水开后加入冷水50ml，水开后调至小火等60s即可出锅。,10,煮,锅,
590fd0209cbc7d63,DifficultyLevel,非常困难,,,,,,,,,,,,,
df3193c840da51b3,Recipe,日式咖喱饭,主食,困难,日式,,,6碗份,做好的咖喱在冰箱冷藏后风味更佳。 | 步骤1-6可以在2-5的等待过程进行。 | 2-5到2-6之间，如发现沸腾的水位线低于2/3的食材应加热水至没过食材。,Dish/staple/日式咖喱饭.md,,,,,
d5cc41974e16a274,Ingredient,肉,,,,,,,,,,,,,
4ea9a5d1d1e94cf0,CookingStep,日式咖喱饭-步骤1,,,,,,,,,胡萝卜去头尾，去皮，滚刀切。洋葱剥去外层去芯，切成月牙状。土豆去皮、切大块。肉切块状。剥蒜拍平切碎。咖喱块切碎，增加接触面积加速溶解。,1,切,菜刀,
b06d5ec852bf94d6,CookingStep,日式咖喱饭-步骤2,,,,,,,,,热油锅放入蒜和肉，快速翻炒至肉表面变白。,2,炒,油锅,
7df805f576419c3e,CookingStep,日式咖喱饭-步骤3,,,,,,,,,加入胡萝卜，快速翻炒至均匀受热。,3,炒,油锅,
2b14bda385672248,CookingStep,日式咖喱饭-步骤4,,,,,,,,,加入洋葱，快速翻炒至洋葱变透明状。,4,炒,油锅,
3a8c6c95c477202c,CookingStep,日式咖喱饭-步骤5,,,,,,,,,加入土豆，保持翻炒至土豆变软（可以用筷子确认）。,5,炒,油锅,
c6900df944470f28,CookingStep,日式咖喱饭-步骤6,,,,,,,,,加水没过所有食材，沸腾后等待15分钟。,6,煮,锅,15分钟
d5a3916ec7935a22,CookingStep,日式咖喱饭-步骤7,,,,,,,,,关火，加咖喱并搅拌。等待咖喱融化后再开火，缓慢搅拌10分钟，防止糊锅。在外观呈粘稠状态关火结束制作。,7,搅拌，煮,锅,10分钟
d01fb58c10c074ab,Recipe,汤面,主食,简单,家常菜,,,单人份,操作流程可根据自己喜好更改，多多尝试会有惊喜。 | 如掌握不好加盐量，可采用少量多次添加的方法，以免过量。,Dish/staple/汤面.md,,,,,
939ac6bc5c93cd4c,Ingredient,面食,,,,,,,,,,,,,
4f6e4c0cda5a2cc7,Ingredient,菜类,,,,,,,,,,,,,
f9bc721636737d36,CookingStep,汤面-步骤1,,,,,,,,,先将菜类材料切成边长不超过4cm的块状，便于煮熟。,1,切,菜刀,
9c21c9b75405944d,CookingStep,汤面-步骤2,,,,,,,,,如有生肉，则先放入冷水中，盖上锅盖，煮沸腾，先捞出上层血沫，再关火，捞出半熟的肉备用。,2,焯水,锅,
4071aa5547b6d405,CookingStep,汤面-步骤3,,,,,,,,,先大火将水加热至沸腾，后调至中火。,3,煮,锅,
30a475014ef49511,CookingStep,汤面-步骤4,,,,,,,,,将较难煮熟的食材放入锅中（比如半熟肉类、香菇类等最先放入锅中）。为保证煮熟，可在沸腾后计时10分钟，特别难熟的大块食材可追加5分钟。,4,煮,锅,10-15分钟
5d522694745df271,CookingStep,汤面-步骤5,,,,,,,,,将面食放入锅中，适当搅拌确保面和汤充分接触，使液面保持轻微沸腾，煮5分钟。加入面后液面易产生白色泡沫，可适当抬起锅盖通气或者撤下锅盖。,5,煮,锅,5分钟
969ffb588ca53db5,CookingStep,汤面-步骤6,,,,,,,,,将易于煮熟的食材如青菜类放入锅中，适当搅拌以充分浸没，煮2-5分钟。,6,煮,锅,2-5分钟
d1453222f90bec36,CookingStep,汤面-步骤7,,,,,,,,,关火，随后加入盐、胡椒粉、香油等自己喜欢的调味料，适当搅拌即可出锅食用。,7,调味,,
c04c1e48cdee7433,Recipe,炒河粉,主食,困难,家常菜,,,,建议购买袋装鲜河粉，冷藏保质期可达两周，且送河粉炒料。 | 清洗面筋后，请用手将面筋中的大量水分挤出（不需过于用力）。 | 个人口味根据地区、天气、时间均有不同，调料的具体使用量请据个人情况而定。,Dish/staple/炒河粉.md,,,,,
249c3cf54149536a,Ingredient,河粉,,,,,,,,,,,,,
cecdc93bc1a2aa78,Ingredient,猪肉,,,,,,,,,,,,,
f4daafcdee22b1f2,Ingredient,牛肉,,,,,,,,,,,,,
5f62b3d6a94d4891,Ingredient,面筋块,,,,,,,,,,,,,
17e0e42420c439f5,Ingredient,绿豆芽,,,,,,,,,,,,,
4158034756cf465e,Ingredient,河粉料,,,,,,,,,,,,,
36536973f1f8adfb,CookingStep,炒河粉-步骤1,,,,,,,,,小葱切碎（葱白和葱叶分开）、蒜瓣拍碎，丢案板上备用。打碎鸡蛋，捞一点蛋清到一只碗中，剩下的丢入另一只碗中备用。,1,切，拍,案板，碗,
afd67edd6f2bc2b6,CookingStep,炒河粉-步骤2,,,,,,,,,将绿豆芽放入锅中，大火煮60秒。豆芽捞出，过凉水，放入盘中备用。黄瓜切丝放入盘中备用，可和豆芽丢一起。处理面筋，单独丢一个盘中。,2,焯水，切,锅，盘子,60秒
ac7841e363c8f343,CookingStep,炒河粉-步骤3,,,,,,,,,肉切细条状，加入淀粉与刚刚碗中的鸡蛋清、胡椒粉，顺时针拌匀。,3,切，腌制,碗,
e1cafe712d426b2b,CookingStep,炒河粉-步骤4,,,,,,,,,加入食用油，锅热倒出。倒入处理好的肉，翻炒均匀至变色，倒入碗中备用。,4,炒,炒锅,
1b8de41c02afe646,CookingStep,炒河粉-步骤5,,,,,,,,,趁锅热，加入20g食用油，倒入葱白、蒜爆炒出香。加入河粉，淋入老抽提色，翻炒均匀后再加入河粉炒料，继续翻炒。,5,炒,炒锅,
a16fe731c724f28e,CookingStep,炒河粉-步骤6,,,,,,,,,河粉即将透明时，放入炒制好的肉丝与面筋，并加入生抽提鲜，简单翻炒两次。加入豆芽与黄瓜丝，翻炒至河粉完全透明。关火！,6,炒,炒锅,
9bb2e36bb55926db,CookingStep,炒河粉-步骤7,,,,,,,,,撒入葱叶点缀，把锅端起。倒入盘中，开始干饭。,7,,盘子,
7b95331831a1ca04,Recipe,老友猪肉粉,主食,中等,家常菜,,,,米粉必须用50度的温水泡半小时后再使用，否则很难吃。,Dish/staple/老友猪肉粉.md,,,,,
1be4c569e7d98ffd,Ingredient,米粉,,,,,,,,,,,,,
a076c5b480359499,Ingredient,酸笋,,,,,,,,,,,,,
d59f34487a82fcd8,Ingredient,剁椒,,,,,,,,,,,,,
15690e7b33a5c5cf,Ingredient,米醋,,,,,,,,,,,,,
a0ad162829684ad0,CookingStep,老友猪肉粉-步骤1,,,,,,,,,全部猪肉用料酒、盐、生抽、生粉、胡椒粉倒在一个碗里调味，备用。,1,调味,碗,
347adf0a9fb1c9d0,CookingStep,老友猪肉粉-步骤2,,,,,,,,,热锅不放油，下全部酸笋把水份炒干，炒干的酸笋中间留点空间。,2,炒,锅,
32a66538e8e8e297,CookingStep,老友猪肉粉-步骤3,,,,,,,,,放入10ml-15ml食用油与全部大蒜、剁椒、豆豉到炒干的酸笋中间，全部推到中间炒出香味。,3,炒,锅,
634664c1c1746fba,CookingStep,老友猪肉粉-步骤4,,,,,,,,,放入全部调味好的猪肉，持续放入10ml生抽炒一分钟。,4,炒,锅,1分钟
e5065c3827dd40d4,CookingStep,老友猪肉粉-步骤5,,,,,,,,,放入5ml米醋、10ml生抽、450ml清水一起煮开。,5,煮,锅,
60c258c77fe1c220,CookingStep,老友猪肉粉-步骤6,,,,,,,,,水煮开后，放入温水泡好的米粉，继续煮3分钟就可以盛盘。,6,煮,锅,3分钟
9b74b814b01bfbf2,Recipe,葱油拌面,主食,简单,家常菜,,20分钟,1人份,炸葱油时，火一定要小，要有耐心，才能将葱的香味充分炸出。 | 制作好的葱油酱汁可以冷藏保存一段时间，下次吃面时直接取用。,Dish/staple/葱油拌面.md,,,,,
fd49bcdaa7116eac,Ingredient,干面条,,,,,,,,,,,,,
797a0db16b8e9987,CookingStep,葱油拌面-步骤1,,,,,,,,,将小葱洗净，切成长段（约5-7 cm）。葱白和葱绿可以分开。,1,,,
cfeafd696644d573,CookingStep,葱油拌面-步骤2,,,,,,,,,锅中加入100 ml食用油，中火烧热。先放入葱白段，煸炒至微黄。,2,煸炒,锅,
7930a4b7c97bbabb,CookingStep,葱油拌面-步骤3,,,,,,,,,加入葱绿段，转小火，继续煸炒。保持小火，耐心煸炒约15-20分钟，直至葱段变得焦黄酥脆。,3,煸炒,锅,15-20分钟
c8944b8bd24aba8b,CookingStep,葱油拌面-步骤4,,,,,,,,,将焦黄的葱段捞出（葱油保留在锅中）。在锅中的葱油中，加入60 ml生抽，20 ml老抽，15 g白糖。小火加热并搅拌，约1分钟，至糖溶解，酱汁混合均匀。立即关火。将制作好的葱油酱汁倒入容器中，放凉后密封保存。,4,加热，搅拌,锅,1分钟
e01686a1dc00a323,CookingStep,葱油拌面-步骤5,,,,,,,,,取80 g干面条。锅中加入1000 ml饮用水，大火烧开。放入面条，根据面条包装说明，煮至熟透（通常3-8分钟，以包装说明为准）。,5,煮,锅,3-8分钟
d353adcddc31f491,CookingStep,葱油拌面-步骤6,,,,,,,,,将煮好的面条捞出，沥干水分，放入碗中。在装有面条的碗中，加入15 ml之前做好的葱油酱汁。可以加入之前炸好的葱段（可选）。用筷子快速搅拌均匀，即可食用。,6,搅拌,碗，筷子,
40550630c0042c0c,Recipe,蛋炒饭,主食,中等,家常菜,,,1-2人份,使用隔夜的冷饭炒饭最佳，没有冷饭的同学也可以现煮（可以使用冰箱立马给米饭降温），不过要做到“粒粒分明”的口感就需要炒更久。 | 炒饭要做到“粒粒分明”其实就是要将饭炒干。为什么要用隔夜的冷饭是因为隔夜已经流失了一定的水分。,Dish/staple/蛋炒饭.md,,,,,
bf2204be93d41229,Ingredient,冷饭,,,,,,,,,,,,,
489a2e7ba2ef631b,CookingStep,蛋炒饭-步骤1,,,,,,,,,米饭提前用铲子铲成小块。火腿肠、胡萝卜、黄瓜等根据需求切片或者块状。如果家里有熟肉准备好味道更佳。将蛋白，蛋黄分开，分别打入一个大碗里，各自搅匀。注意，不要在这一步加盐。,1,准备,"铲子,刀,碗",
9b3a4eb48ddacf10,CookingStep,蛋炒饭-步骤2,,,,,,,,,大火热锅，待锅里冒烟放入食用油，放入蛋白，待主体凝固后盛出备用。,2,炒,炒锅,
795b63b05781e84e,CookingStep,蛋炒饭-步骤3,,,,,,,,,如果油够，则直接放入蛋黄，如果油不够则放入食用油并等其升温到大火热锅，待主体凝固后，将火调至中小火。,3,炒,炒锅,
fa823c7518cef1a1,CookingStep,蛋炒饭-步骤4,,,,,,,,,倒入火腿肠、熟肉，胡萝卜、黄瓜等备料、翻炒10秒钟（到爆香）。重新倒入蛋白，翻炒5s钟，迅速倒入米饭大火翻炒，为的就是每一粒饭都裹上鸡蛋。,4,炒,炒锅,15秒
ac3495b9676e9966,CookingStep,蛋炒饭-步骤5,,,,,,,,,翻炒过程中将米饭的块状捣碎、这一步过程会比较长、待米饭全部捣碎再翻炒均匀即可。,5,炒,炒锅,
6903c839e6eb2378,CookingStep,蛋炒饭-步骤6,,,,,,,,,调至小火、加盐、胡椒粉、生抽，进一步翻炒均匀，能看到一些米饭在锅里有“跳起来”的时候其实就已经差不多了。,6,炒,炒锅,
bf79ce68433adf66,CookingStep,蛋炒饭-步骤7,,,,,,,,,最后倒入香葱再翻炒10s，关火、盛入碗中。,7,炒,"炒锅,碗",10秒
