relationshipId,startNodeId,endNodeId,type,amount,unit,stepOrder
139df81aaf9a7253,d832a041e14944ef,f630e61f49f7d9b7,REQUIRES,200,克,
3fc6a09a73e85c17,d832a041e14944ef,ed5e59e62e79f897,REQUIRES,100,毫升,
d58e2dd70df8f6cf,d832a041e14944ef,b583c338842ea3b6,REQUIRES,50,毫升,
e78f4a1957450b5b,d832a041e14944ef,591bba36f3a09e1c,REQUIRES,15,毫升,
1ea93bafb218bea6,d832a041e14944ef,012f941f126fbf2c,REQUIRES,3,克,
acbf776d48eee89c,d832a041e14944ef,8d8c7cfe7130f3a0,REQUIRES,1,个,
94df75963405e886,d832a041e14944ef,995c841a0a421851,REQUIRES,30,克,
7dc9748254d7dc2c,d832a041e14944ef,2147e1d8b2d98497,REQUIRES,30,克,
1910c7a01a3d5b2d,d832a041e14944ef,d09118e47e3543f4,REQUIRES,1,片,
cf34e802513442ff,d832a041e14944ef,e16e55c6943fe653,CONTAINS_STEP,,,1.0
df4511a61edfadc9,d832a041e14944ef,288fd8a9e3fb34e8,CONTAINS_STEP,,,2.0
49932264180ab0a1,d832a041e14944ef,b55bfc8c29003072,CONTAINS_STEP,,,3.0
04fa400252b0408a,d832a041e14944ef,176958aafd7c0276,CONTAINS_STEP,,,4.0
b4a2d2c28ac62897,d832a041e14944ef,fcc65fcb01fdfa4b,CONTAINS_STEP,,,5.0
e75fb75136181c92,d832a041e14944ef,8ac6cf1088871015,CONTAINS_STEP,,,6.0
3b384480290bc344,d832a041e14944ef,2b81886bfba999c6,BELONGS_TO_CATEGORY,,,
acaf99a38ab0a7c8,d832a041e14944ef,90fbf75112044729,HAS_DIFFICULTY_LEVEL,,,
8d186f14a0b7dc73,2612c911d1e5dab2,b711cd534ec02f53,REQUIRES,100,克,
fe1b720d2536b560,2612c911d1e5dab2,9452186e93dd7108,REQUIRES,15,颗,
0a2f458a64261b1b,2612c911d1e5dab2,0dfb4b3d8dca29ea,REQUIRES,15,颗,
5c4d2381a4f36fa8,2612c911d1e5dab2,c0dfd5b6c37ab3a1,CONTAINS_STEP,,,1.0
4873bbe697356a8e,2612c911d1e5dab2,d3918f0ed2c70b81,CONTAINS_STEP,,,2.0
9dbeb46e2d7afaba,2612c911d1e5dab2,25a712510825033a,CONTAINS_STEP,,,3.0
6ded648afeade006,2612c911d1e5dab2,15ef3cb76b796d74,CONTAINS_STEP,,,4.0
28f1cd1b96104d96,2612c911d1e5dab2,c8b58157551fcfaf,CONTAINS_STEP,,,5.0
dff5fac9403e3e99,2612c911d1e5dab2,2b81886bfba999c6,BELONGS_TO_CATEGORY,,,
f6c56d2a1323a0bc,2612c911d1e5dab2,90fbf75112044729,HAS_DIFFICULTY_LEVEL,,,
42674db0a00fea36,8265fcbfc7a93654,be61f8f91eefd266,REQUIRES,,,
c674e863aca21761,8265fcbfc7a93654,012f941f126fbf2c,REQUIRES,2,克,
a968a22e5befa224,8265fcbfc7a93654,a3dd28934f2f9a12,REQUIRES,50,毫升,
e3be60f0056a356e,8265fcbfc7a93654,51731c093ee2c51a,REQUIRES,,,
1fe361585b549532,8265fcbfc7a93654,bc91682a9d51ea19,CONTAINS_STEP,,,1.0
84bff95fb9734589,8265fcbfc7a93654,5e77d365676eee5a,CONTAINS_STEP,,,2.0
fad011fe67aa72bb,8265fcbfc7a93654,2e85a4e16b12d76f,CONTAINS_STEP,,,3.0
2ab4056cdb65fa1d,8265fcbfc7a93654,13a2eaf822c9014c,CONTAINS_STEP,,,4.0
f5093bd322e2cc2d,8265fcbfc7a93654,2b81886bfba999c6,BELONGS_TO_CATEGORY,,,
82f573b5cd15e781,8265fcbfc7a93654,90fbf75112044729,HAS_DIFFICULTY_LEVEL,,,
107f64915ad9c76f,297ae1720f84e375,5e32ad2a17fce850,REQUIRES,10-15,个,
b88a2d6114af4b4d,297ae1720f84e375,591bba36f3a09e1c,REQUIRES,10-15,毫升,
74694a94aa9dffe5,297ae1720f84e375,4e0a6e46151b76e4,REQUIRES,,,
065e50a4784420a8,297ae1720f84e375,454f3c68a59eb078,REQUIRES,,,
612f37a70e9d5299,297ae1720f84e375,bcc99d7866dd03a8,CONTAINS_STEP,,,1.0
58e7c26f1d906b5e,297ae1720f84e375,e783f02563c66dd1,CONTAINS_STEP,,,2.0
6cad9014a52b262d,297ae1720f84e375,0043a319327e7a5a,CONTAINS_STEP,,,3.0
521ab8ae780fa81d,297ae1720f84e375,b486db460d802510,CONTAINS_STEP,,,4.0
818a95e6184d933f,297ae1720f84e375,f35947323303ec4a,CONTAINS_STEP,,,5.0
f96887ae5e8fe3b0,297ae1720f84e375,0bfdd6307b40b1aa,CONTAINS_STEP,,,6.0
8e5032e79f4aefc4,297ae1720f84e375,d9fded28ff80a551,CONTAINS_STEP,,,7.0
2ce7e6412dffc9d4,297ae1720f84e375,33ea27e844dbd906,CONTAINS_STEP,,,8.0
c10fba6e1a928bd1,297ae1720f84e375,8ca84cc99f190e02,CONTAINS_STEP,,,9.0
019b375d7916b46d,297ae1720f84e375,4ad8dfc15b0ebcbd,CONTAINS_STEP,,,10.0
83f255fdb55f2a5c,297ae1720f84e375,2b81886bfba999c6,BELONGS_TO_CATEGORY,,,
bda73a603054e631,297ae1720f84e375,90fbf75112044729,HAS_DIFFICULTY_LEVEL,,,
f3444cef4edee47a,f301a5456ec4a718,8d8c7cfe7130f3a0,REQUIRES,8,颗,
5642ee0bbf191db7,f301a5456ec4a718,7bda97ac3ec3677f,REQUIRES,2,颗,
493b4275d29ebc4a,f301a5456ec4a718,fb3fd3b8cfac4ea2,REQUIRES,2,片,
7fb1f8fa37725db0,f301a5456ec4a718,9d5b54483543d7e4,REQUIRES,1,小块,
055c53b1c21ac77b,f301a5456ec4a718,d4ae7643918afac4,REQUIRES,5,克,
cbccbc3eb1eab330,f301a5456ec4a718,f51cc7dee2ae247a,REQUIRES,15,克,
b06e74da20c8b904,f301a5456ec4a718,747766043e7f6f07,REQUIRES,20,克,
a61f216af13a512c,f301a5456ec4a718,8eacb18b6bdddbdf,REQUIRES,15,克,
3a304e77106c8c1e,f301a5456ec4a718,c58ebb601076aef8,REQUIRES,25,克,
9cb56ca827e131a2,f301a5456ec4a718,2b62b694f442f39c,REQUIRES,3,克,
10c2b1f79e6b94dd,f301a5456ec4a718,71cf367251833542,CONTAINS_STEP,,,1.0
f9a0c6fd51c7c7c8,f301a5456ec4a718,6365c10770d4d65f,CONTAINS_STEP,,,2.0
8fe86e74aa4bddf2,f301a5456ec4a718,940981003c397680,CONTAINS_STEP,,,3.0
dea108db59597db3,f301a5456ec4a718,cf5695a9e3163000,CONTAINS_STEP,,,4.0
91fbd09eedf70801,f301a5456ec4a718,7a175b2154d85d6e,CONTAINS_STEP,,,5.0
2e91da5f3389f53f,f301a5456ec4a718,ca8d5f3a27f78d77,CONTAINS_STEP,,,6.0
573eb50274f4d2c3,f301a5456ec4a718,2b81886bfba999c6,BELONGS_TO_CATEGORY,,,
fc4baa8b5733471c,f301a5456ec4a718,b47f0d2431a888a2,HAS_DIFFICULTY_LEVEL,,,
ec056fe86b5e2979,abd2ed53d559cfd8,8aad803639825b03,REQUIRES,2,块,
84ecd36c27dd6ed2,abd2ed53d559cfd8,7dc733e0655cdcfe,REQUIRES,8-15,克,
ad0cee97a351b943,abd2ed53d559cfd8,8d8c7cfe7130f3a0,REQUIRES,1,个,
c6c71e32bfe6159d,abd2ed53d559cfd8,591bba36f3a09e1c,REQUIRES,10-15,毫升,
d38c3b95c71358a5,abd2ed53d559cfd8,809cd62c6159126d,REQUIRES,2,克,
66aaf440a6a7d291,abd2ed53d559cfd8,679c6e7f2b27db3b,CONTAINS_STEP,,,1.0
9ebfb3f409a7cd53,abd2ed53d559cfd8,1d6391098f058ee8,CONTAINS_STEP,,,2.0
51f8afb8dd2ef298,abd2ed53d559cfd8,a20cf7a1211663a7,CONTAINS_STEP,,,3.0
eeaaaf75c05e2595,abd2ed53d559cfd8,5239925175359b12,CONTAINS_STEP,,,4.0
6c54c588bbae88bd,abd2ed53d559cfd8,487d84ee0d1005ca,CONTAINS_STEP,,,5.0
ec33ed645461049a,abd2ed53d559cfd8,f4cebd139bbf714d,CONTAINS_STEP,,,6.0
a67656af0ae31976,abd2ed53d559cfd8,2b81886bfba999c6,BELONGS_TO_CATEGORY,,,
d7a9a6ecfa44a406,abd2ed53d559cfd8,90fbf75112044729,HAS_DIFFICULTY_LEVEL,,,
7298039d0f6774ed,ff67e774d1594ea5,8d8c7cfe7130f3a0,REQUIRES,1,个,
e0412785fe3754a5,ff67e774d1594ea5,faa444361935213f,REQUIRES,2,片,
644228174909b976,ff67e774d1594ea5,f7db4278b3f65a17,REQUIRES,2,片,
6d96e1ba6e32a718,ff67e774d1594ea5,756bed3f74e2e3fb,REQUIRES,10,g,
74ad40ba0d7187a0,ff67e774d1594ea5,dac00a05c13df257,REQUIRES,20,g,
456c53cdd4654a84,ff67e774d1594ea5,012f941f126fbf2c,REQUIRES,1,g,
41653c399c12d41c,ff67e774d1594ea5,51c3b439776e8d2a,REQUIRES,2,g,
576059ab3b3fd4a0,ff67e774d1594ea5,0c3a2907a94934e0,CONTAINS_STEP,,,1.0
b0753d93ed34cd73,ff67e774d1594ea5,db190c0ce1f96ee4,CONTAINS_STEP,,,2.0
e3b17f00408d3179,ff67e774d1594ea5,b88048af8cb082df,CONTAINS_STEP,,,3.0
14ba52a0cb4cd11b,ff67e774d1594ea5,d5d51a040c9b3079,CONTAINS_STEP,,,4.0
0ddb9cfc01ba194c,ff67e774d1594ea5,653c54f5382c2db6,CONTAINS_STEP,,,5.0
e88ef02667b18a8d,ff67e774d1594ea5,042038579f180e23,CONTAINS_STEP,,,6.0
b0334521e4a6f9a5,ff67e774d1594ea5,2b81886bfba999c6,BELONGS_TO_CATEGORY,,,
2b27d9c91f3f60da,ff67e774d1594ea5,90fbf75112044729,HAS_DIFFICULTY_LEVEL,,,
ba43fca09a5a86b2,e117c8f8515e3d7f,60d67fa926316157,REQUIRES,10-12,只,
75fa848099800e7d,e117c8f8515e3d7f,7aa5a210bfa731dd,REQUIRES,500,毫升,
7f9efcf96ea49dde,e117c8f8515e3d7f,3de857b59530ec6e,REQUIRES,10,克,
521180b38c420615,e117c8f8515e3d7f,8eacb18b6bdddbdf,REQUIRES,15,克,
13b140d3a86b0268,e117c8f8515e3d7f,c58ebb601076aef8,REQUIRES,3,克,
3eb420bc73674a32,e117c8f8515e3d7f,012f941f126fbf2c,REQUIRES,2,克,
c455e4d12df01b74,e117c8f8515e3d7f,a6673eb5674c760f,REQUIRES,2,片,
d7e70757dae3ee56,e117c8f8515e3d7f,f00e325df91687b0,REQUIRES,20,毫升,
d24cae9b929a23ab,e117c8f8515e3d7f,fd3a4723e62d2b32,REQUIRES,,,
22e62c2c9f5a7ae1,e117c8f8515e3d7f,0b83459963f98b6b,CONTAINS_STEP,,,1.0
73a51692a37e53da,e117c8f8515e3d7f,bbf29dd27666fcd1,CONTAINS_STEP,,,2.0
eb61e33b8a6ac0a5,e117c8f8515e3d7f,60d6e7c4e2fa2151,CONTAINS_STEP,,,3.0
9fd718fa3439640b,e117c8f8515e3d7f,012011c104117849,CONTAINS_STEP,,,4.0
e9e8b098bdb32d34,e117c8f8515e3d7f,760b3df138fc2392,CONTAINS_STEP,,,5.0
31ae817185877bd1,e117c8f8515e3d7f,72bc9f0d6cf8a2b6,CONTAINS_STEP,,,6.0
13e1b57933cf2ed3,e117c8f8515e3d7f,e68c707064a1013f,CONTAINS_STEP,,,7.0
1ba00323f6b1faa4,e117c8f8515e3d7f,fbaa4e39ca8903bf,BELONGS_TO_CATEGORY,,,
2b399b5abec54d75,e117c8f8515e3d7f,b47f0d2431a888a2,HAS_DIFFICULTY_LEVEL,,,
dc0e4869b464bb12,752118f8c9c8d947,36f1a0531eb2fe9e,REQUIRES,100,克,
fe5eb8df59edccc1,752118f8c9c8d947,987d92b730064b5a,REQUIRES,25,克,
84c939b792dc9b9b,752118f8c9c8d947,fd57a22c1641a4d5,REQUIRES,75,克,
e71f321b264cccd4,752118f8c9c8d947,012f941f126fbf2c,REQUIRES,,,
20263171ca1bc9e7,752118f8c9c8d947,815bbdfc045a50cc,REQUIRES,4,汤匙,
f8120af3b7f3f11e,752118f8c9c8d947,764be16565acfe60,REQUIRES,2,茶匙,
3e2023e9671f3002,752118f8c9c8d947,0fb4f52f54af8074,REQUIRES,1,汤匙,
8a0e7d7f1f99879e,752118f8c9c8d947,8eacb18b6bdddbdf,REQUIRES,0.5,茶匙,
6b3079d9028ef4f0,752118f8c9c8d947,83b24b4d778a2ccd,REQUIRES,,,
33d5088366d70e80,752118f8c9c8d947,a770b9a81db4bbec,REQUIRES,2,汤匙,
d84cde0b060f4d41,752118f8c9c8d947,a3dd28934f2f9a12,REQUIRES,200,毫升,
b6efdbffe2030786,752118f8c9c8d947,75789e58d099a674,REQUIRES,,,
99d052da37ae0e6a,752118f8c9c8d947,e82e6073646e1dc3,CONTAINS_STEP,,,1.0
44f4da0f7bc13acb,752118f8c9c8d947,2f0845532e0b0777,CONTAINS_STEP,,,2.0
0346c821683027f6,752118f8c9c8d947,a46e60dd16ccfc1c,CONTAINS_STEP,,,3.0
77bba0442ce3fab3,752118f8c9c8d947,dac81e3179304769,CONTAINS_STEP,,,4.0
070cde6f105fcf2b,752118f8c9c8d947,883392ec7a4ef941,CONTAINS_STEP,,,5.0
f65afef99d025751,752118f8c9c8d947,0c339bdefb478f4f,CONTAINS_STEP,,,6.0
2453e53356f32629,752118f8c9c8d947,20cc2b001f759ae2,CONTAINS_STEP,,,7.0
028d5d1e71ff6386,752118f8c9c8d947,4ef86bf834d01240,CONTAINS_STEP,,,8.0
8e654574276441a2,752118f8c9c8d947,1ac0b8da3d83f9ce,CONTAINS_STEP,,,9.0
89883c25f8dd026e,752118f8c9c8d947,3267734399f3ac24,CONTAINS_STEP,,,10.0
ba310e4f9ffdd78d,752118f8c9c8d947,8c1bb8a56b2a7ce1,CONTAINS_STEP,,,11.0
76164820160dedac,752118f8c9c8d947,f70964f8e9b4073d,CONTAINS_STEP,,,12.0
7d603306670eca9f,752118f8c9c8d947,fbaa4e39ca8903bf,BELONGS_TO_CATEGORY,,,
eedd033cb1ba17ec,752118f8c9c8d947,8ffff47d4d8a1bba,HAS_DIFFICULTY_LEVEL,,,
386e144bf15d9958,1a45cafc6e7d6e8c,a93f1f104dad9803,REQUIRES,1,只,
abf4f030a778df0c,1a45cafc6e7d6e8c,c8788dbf0cb55e4c,REQUIRES,15,克,
e05daea7f80f4140,1a45cafc6e7d6e8c,f1946ff1846e5f20,REQUIRES,100,毫升,
1d8ca311749e8638,1a45cafc6e7d6e8c,8d8c7cfe7130f3a0,REQUIRES,1,个,
7cf5735170d8c5d2,1a45cafc6e7d6e8c,6ba3d74551e5a654,REQUIRES,200,克,
91279414f9fa646e,1a45cafc6e7d6e8c,f7e2bea0db01f3ce,REQUIRES,5,瓣,
489ff493a4927974,1a45cafc6e7d6e8c,83b24b4d778a2ccd,REQUIRES,,,
3ebc9f5bc7058be8,1a45cafc6e7d6e8c,591bba36f3a09e1c,REQUIRES,,,
9b89b027bd43853e,1a45cafc6e7d6e8c,2ccc440d6a3a498f,CONTAINS_STEP,,,1.0
e23233149c316788,1a45cafc6e7d6e8c,0a2dc31a905c2a80,CONTAINS_STEP,,,2.0
6cf206d109f52bc1,1a45cafc6e7d6e8c,868040b1bd0c24e1,CONTAINS_STEP,,,3.0
127cd97099c51a5b,1a45cafc6e7d6e8c,2002170a60b29271,CONTAINS_STEP,,,4.0
5b792a049c71bf2f,1a45cafc6e7d6e8c,4ffc82ae3e26286d,CONTAINS_STEP,,,5.0
c2beca53025dc87d,1a45cafc6e7d6e8c,0282af5b488ea6b4,CONTAINS_STEP,,,6.0
e92098d1e2c8ad70,1a45cafc6e7d6e8c,f7a3077ebe079f0e,CONTAINS_STEP,,,7.0
90e8fb2ccf694efc,1a45cafc6e7d6e8c,33e98ead092c44f1,CONTAINS_STEP,,,8.0
3637309267ba4d67,1a45cafc6e7d6e8c,aa6e1ad6f3834504,CONTAINS_STEP,,,9.0
cc66943021286ab5,1a45cafc6e7d6e8c,fbaa4e39ca8903bf,BELONGS_TO_CATEGORY,,,
94bb9d2d1caacb47,1a45cafc6e7d6e8c,8ffff47d4d8a1bba,HAS_DIFFICULTY_LEVEL,,,
9ef327726966827a,9cfd60e27d37b519,3c88d3d4302255d7,REQUIRES,400,克,
311f95a758fcdaf8,9cfd60e27d37b519,f7e2bea0db01f3ce,REQUIRES,40,克,
1946dd4ef4409722,9cfd60e27d37b519,d5b541bd5905d59c,REQUIRES,20,克,
b40abbca94b6cc69,9cfd60e27d37b519,f00e325df91687b0,REQUIRES,13,克,
d81fdefc2b59d38d,9cfd60e27d37b519,8eacb18b6bdddbdf,REQUIRES,3,克,
02cfd1f8343a2470,9cfd60e27d37b519,99600898266742b1,REQUIRES,2,克,
e841c0f5033b4ab9,9cfd60e27d37b519,c58ebb601076aef8,REQUIRES,2,克,
4faf2931e10e74e0,9cfd60e27d37b519,809cd62c6159126d,REQUIRES,2,克,
d1dfc7878cd2786d,9cfd60e27d37b519,3de857b59530ec6e,REQUIRES,6-15,克,
ea54b8b43cbc4f6a,9cfd60e27d37b519,02e1eabcea426568,REQUIRES,3.5-8,克,
bc458affb05029d8,9cfd60e27d37b519,2cdc8e1f9aefc7b2,REQUIRES,10,克,
7a6d445bf2cc1459,9cfd60e27d37b519,a3dd28934f2f9a12,REQUIRES,50,克,
66dc21fa16db0e6b,9cfd60e27d37b519,8e92a1c42d49f602,REQUIRES,40,克,
0be9b94c2af22914,9cfd60e27d37b519,454f3c68a59eb078,REQUIRES,15,克,
8f6f7dd230e60173,9cfd60e27d37b519,515af458e3378ae9,REQUIRES,20,克,
7e4103be28a8a864,9cfd60e27d37b519,272b6c85e8f92fee,CONTAINS_STEP,,,1.0
24e8736128f8b56d,9cfd60e27d37b519,076d007fd5381a3e,CONTAINS_STEP,,,2.0
b1787f5bcfcfe41b,9cfd60e27d37b519,5b5ad8adbe1ad341,CONTAINS_STEP,,,3.0
e6a4b585d6baf47d,9cfd60e27d37b519,40296e4a9696ff7d,CONTAINS_STEP,,,4.0
3c5729f602fa27b6,9cfd60e27d37b519,c977d956d17b4a5c,CONTAINS_STEP,,,5.0
c701987de7566b95,9cfd60e27d37b519,6c69957bb9cf5356,CONTAINS_STEP,,,6.0
a2ccab6a18a31c80,9cfd60e27d37b519,64a7085c469a82be,CONTAINS_STEP,,,7.0
46b3bdd8bde81c6c,9cfd60e27d37b519,fbaa4e39ca8903bf,BELONGS_TO_CATEGORY,,,
704eaaa73362aa98,9cfd60e27d37b519,b47f0d2431a888a2,HAS_DIFFICULTY_LEVEL,,,
fc772e2db554b7a0,4ad03a810d7ef263,98fa598a57ea7667,REQUIRES,2,斤,
3569817540ee02ce,4ad03a810d7ef263,75789e58d099a674,REQUIRES,70,毫升,
3628c4a53cd36d53,4ad03a810d7ef263,fb3fd3b8cfac4ea2,REQUIRES,2,片,
26b8ca5f8c775c23,4ad03a810d7ef263,7bda97ac3ec3677f,REQUIRES,1,个,
42d31da6059ccacf,4ad03a810d7ef263,9d5b54483543d7e4,REQUIRES,3,克,
3e4ea83cc78ff790,4ad03a810d7ef263,7de9e044b4e73ebe,REQUIRES,10,克,
453498fc738eeee3,4ad03a810d7ef263,0e9595ab8f5e7160,REQUIRES,10,克,
d735d1260aeea94c,4ad03a810d7ef263,ac47ee0805eb68f5,REQUIRES,5,克,
5650fc8310fade29,4ad03a810d7ef263,1e2a144c462b1349,REQUIRES,1,根,
d4734393636c486e,4ad03a810d7ef263,be1a7c309fe2740b,REQUIRES,30,克,
57efcaf3f38f6524,4ad03a810d7ef263,02388f585485c7d2,REQUIRES,7,瓣,
e16758ceaa90f2bc,4ad03a810d7ef263,8e5301c11e21470d,REQUIRES,30,克,
1c89b73456ca6187,4ad03a810d7ef263,317688e67f3f7239,REQUIRES,30,克,
6bc87bb786c56195,4ad03a810d7ef263,099a659fddf8199d,REQUIRES,500,毫升,
9928be42883b9081,4ad03a810d7ef263,8eacb18b6bdddbdf,REQUIRES,30,毫升,
2bf0ba191efa7c57,4ad03a810d7ef263,012f941f126fbf2c,REQUIRES,10,克,
0d7fc72b2d30aa37,4ad03a810d7ef263,2f318307e2114361,CONTAINS_STEP,,,1.0
ddde4d8622b5c935,4ad03a810d7ef263,01873a4542602205,CONTAINS_STEP,,,2.0
7749408c8ae79bb5,4ad03a810d7ef263,a077e4f4f029d17d,CONTAINS_STEP,,,3.0
53b48e0ec097a1f6,4ad03a810d7ef263,0ab55ecdb067a897,CONTAINS_STEP,,,4.0
343341c9fa3fb7e9,4ad03a810d7ef263,d73259f339ad961a,CONTAINS_STEP,,,5.0
cf60988d7920f7e3,4ad03a810d7ef263,563e113c6a350c73,CONTAINS_STEP,,,6.0
f391cbf82fda68c1,4ad03a810d7ef263,4985cb8bd1c96492,CONTAINS_STEP,,,7.0
e4b486462ea9f867,4ad03a810d7ef263,fbaa4e39ca8903bf,BELONGS_TO_CATEGORY,,,
bcae1d5feca39bab,4ad03a810d7ef263,8ffff47d4d8a1bba,HAS_DIFFICULTY_LEVEL,,,
ffcd0f951e606fef,10fc84e21e0a20e9,1533c7aacced175e,REQUIRES,2,片,
4e69bf2840872962,10fc84e21e0a20e9,9d24a20c32e1507f,REQUIRES,25,克,
bc1646a1407808c1,10fc84e21e0a20e9,be1a7c309fe2740b,REQUIRES,13,克,
9578114fd9758a4a,10fc84e21e0a20e9,f00e325df91687b0,REQUIRES,5,毫升,
89fffacd5ae2bc5f,10fc84e21e0a20e9,121157f3cd06abbf,REQUIRES,25,毫升,
bf8a91bfba92b9d4,10fc84e21e0a20e9,573f9d0e5f250c01,REQUIRES,2,毫升,
fe983b72a6dbdd6c,10fc84e21e0a20e9,6156b3d900bb2bf6,REQUIRES,50,毫升,
062740f0c038fb2d,10fc84e21e0a20e9,f8a7f118307f7f23,CONTAINS_STEP,,,1.0
233cfd65f1a00b25,10fc84e21e0a20e9,37191c5edc71129c,CONTAINS_STEP,,,2.0
b125452f20b5414c,10fc84e21e0a20e9,6f94052d1ae544d8,CONTAINS_STEP,,,3.0
26e8cd1c1a408083,10fc84e21e0a20e9,6dda2a29b685f02d,CONTAINS_STEP,,,4.0
433242bf8e941296,10fc84e21e0a20e9,d7a1c16629cc7e17,CONTAINS_STEP,,,5.0
f021857c089dff45,10fc84e21e0a20e9,835c420843bf75a9,CONTAINS_STEP,,,6.0
deae897a795d3ffd,10fc84e21e0a20e9,e6f26f6000e1e84b,CONTAINS_STEP,,,7.0
7f17155f8789d79a,10fc84e21e0a20e9,e88855e7fe1f433c,CONTAINS_STEP,,,8.0
8f63583378936f87,10fc84e21e0a20e9,a386e4056b8a3ffe,CONTAINS_STEP,,,9.0
2c92ecdea636cf89,10fc84e21e0a20e9,fbaa4e39ca8903bf,BELONGS_TO_CATEGORY,,,
5c45dd140e656786,10fc84e21e0a20e9,b47f0d2431a888a2,HAS_DIFFICULTY_LEVEL,,,
1b90917896b63b69,c9bfcbfa7fe2af5a,0a41059e494c021d,REQUIRES,10,只,
412fc87b003a0979,c9bfcbfa7fe2af5a,0e9595ab8f5e7160,REQUIRES,5,克,
1e519b64b1d1c5d9,c9bfcbfa7fe2af5a,1e2a144c462b1349,REQUIRES,50,克,
d5c8c8b779908d83,c9bfcbfa7fe2af5a,be1a7c309fe2740b,REQUIRES,20,克,
e21c38bff43d197a,c9bfcbfa7fe2af5a,36f58a72875817bf,REQUIRES,30,克,
72b087bfc992fce4,c9bfcbfa7fe2af5a,012f941f126fbf2c,REQUIRES,3,克,
e6254b99d60d1431,c9bfcbfa7fe2af5a,f51cc7dee2ae247a,REQUIRES,10,克,
e79b991449c85ff3,c9bfcbfa7fe2af5a,8f608eefc85f1a23,REQUIRES,,,
9309a16667e5b118,c9bfcbfa7fe2af5a,69248c4d688f8689,CONTAINS_STEP,,,1.0
3b6c4a0034e0f497,c9bfcbfa7fe2af5a,6c8faa255bde3138,CONTAINS_STEP,,,2.0
09dc0b1bc1e6b04c,c9bfcbfa7fe2af5a,473d72a4374b1aa9,CONTAINS_STEP,,,3.0
e97915125f1764be,c9bfcbfa7fe2af5a,d4c7b77b0358d447,CONTAINS_STEP,,,4.0
7340694f4e8fcd16,c9bfcbfa7fe2af5a,b9daf6182518535b,CONTAINS_STEP,,,5.0
9965c4bbf251ba16,c9bfcbfa7fe2af5a,25813d09a8386e90,CONTAINS_STEP,,,6.0
67ad8772102b0258,c9bfcbfa7fe2af5a,dc2be80c003ea858,CONTAINS_STEP,,,7.0
d939934a2b4378d4,c9bfcbfa7fe2af5a,0813aecd92148f1d,CONTAINS_STEP,,,8.0
6ddbeb7dc6ffd232,c9bfcbfa7fe2af5a,fbaa4e39ca8903bf,BELONGS_TO_CATEGORY,,,
964f4f9db42a0c4e,c9bfcbfa7fe2af5a,8ffff47d4d8a1bba,HAS_DIFFICULTY_LEVEL,,,
a9d65b4957547ec2,e8198a4a3b8d77b3,3776293a5c06853b,REQUIRES,6,个,
8cbd1974e9c4a675,e8198a4a3b8d77b3,1e2a144c462b1349,REQUIRES,3,颗,
ba3c5301fd746e9c,e8198a4a3b8d77b3,02388f585485c7d2,REQUIRES,6,瓣,
690eee67d8f291d2,e8198a4a3b8d77b3,be1a7c309fe2740b,REQUIRES,1,小块,
f4a662ab92f2b875,e8198a4a3b8d77b3,121157f3cd06abbf,REQUIRES,,,
e5a0f449ea552fb3,e8198a4a3b8d77b3,8a2f5b2f09ba3a2c,REQUIRES,1,升,
6ded38a5e24e99c9,e8198a4a3b8d77b3,e664650c297ff743,CONTAINS_STEP,,,1.0
eab229cd430af56b,e8198a4a3b8d77b3,7b8b5dba70d9046b,CONTAINS_STEP,,,2.0
436a5cad436d029b,e8198a4a3b8d77b3,1f3872e17fa6d650,CONTAINS_STEP,,,3.0
99740afd4c4ace00,e8198a4a3b8d77b3,61cf05b5097fad13,CONTAINS_STEP,,,4.0
ab5b9c98cb1aff6d,e8198a4a3b8d77b3,5093910b6b569d9c,CONTAINS_STEP,,,5.0
058cc6a2d4e9bb93,e8198a4a3b8d77b3,26b69c73f14a85d5,CONTAINS_STEP,,,6.0
0e697cd2d18acdd8,e8198a4a3b8d77b3,fbaa4e39ca8903bf,BELONGS_TO_CATEGORY,,,
8020305f10029768,e8198a4a3b8d77b3,b47f0d2431a888a2,HAS_DIFFICULTY_LEVEL,,,
07da399c1c15b738,d23044499d5e537f,83b998556cc93881,REQUIRES,1,条,
c290cdbbcf34d460,d23044499d5e537f,a5a896d3d1479d48,REQUIRES,3,根,
91d82db3a4961c5d,d23044499d5e537f,be1a7c309fe2740b,REQUIRES,1,块,
fd7547b2627fd47b,d23044499d5e537f,591bba36f3a09e1c,REQUIRES,10-15,毫升,
39878a2cbb466dfb,d23044499d5e537f,24f958b6a5860bbb,REQUIRES,10-15,毫升,
04d11c72f02163e5,d23044499d5e537f,f00e325df91687b0,REQUIRES,10-15,毫升,
348f7417190cadb9,d23044499d5e537f,809cd62c6159126d,REQUIRES,5-10,克,
88c660eef8c0e362,d23044499d5e537f,d3f2dac7db39a3a6,CONTAINS_STEP,,,1.0
142dff1250ba020a,d23044499d5e537f,e61afcedc3c55747,CONTAINS_STEP,,,2.0
433b6fa70c545f5a,d23044499d5e537f,976d3298523eecb4,CONTAINS_STEP,,,3.0
a010de99126b4de0,d23044499d5e537f,e3ed0e224fcfd94f,CONTAINS_STEP,,,4.0
50b2a39d0ea3ba1b,d23044499d5e537f,f62673b3eb54a928,CONTAINS_STEP,,,5.0
f6bf716773ea19ef,d23044499d5e537f,150b81ecd671c094,CONTAINS_STEP,,,6.0
22bd85604b78c9e1,d23044499d5e537f,6927bf07ae8a9843,CONTAINS_STEP,,,7.0
4585a0804e694d0c,d23044499d5e537f,8e335339df5561a6,CONTAINS_STEP,,,8.0
71e4219636478968,d23044499d5e537f,fbaa4e39ca8903bf,BELONGS_TO_CATEGORY,,,
3caa55c9868372e7,d23044499d5e537f,b47f0d2431a888a2,HAS_DIFFICULTY_LEVEL,,,
30f3b4a8d47a59c0,1cdfa62341896e19,1abd563c4de67ef2,REQUIRES,500,克,
6369470c7b4e50b0,1cdfa62341896e19,89aa75a311e9eced,REQUIRES,10,克,
c015b9297b9e2b51,1cdfa62341896e19,3de857b59530ec6e,REQUIRES,30,克,
b81a1d076e0b22de,1cdfa62341896e19,2cdc8e1f9aefc7b2,REQUIRES,50,克,
470a84150b911d68,1cdfa62341896e19,8d8c7cfe7130f3a0,REQUIRES,50,克,
782c2f7808be17a7,1cdfa62341896e19,8eacb18b6bdddbdf,REQUIRES,10,毫升,
2a626ecc1b999d2a,1cdfa62341896e19,f00e325df91687b0,REQUIRES,20,克,
aa7069cc0a382367,1cdfa62341896e19,99600898266742b1,REQUIRES,10,克,
cdd777a3c293fe14,1cdfa62341896e19,26ccb96ebf690e99,REQUIRES,30,毫升,
9786e59eb91bd4b6,1cdfa62341896e19,9949b74f9bbcbda2,REQUIRES,5,克,
14390d6449b83540,1cdfa62341896e19,2b62b694f442f39c,REQUIRES,10,克,
58df84deb8b7f421,1cdfa62341896e19,d637cf980b3c2b5a,CONTAINS_STEP,,,1.0
4c2547212961dec3,1cdfa62341896e19,53a01c77774eaadc,CONTAINS_STEP,,,2.0
14b10fdc9a0d47a2,1cdfa62341896e19,6d0fe6d71fb2d85b,CONTAINS_STEP,,,3.0
ef7eb7a3550dc138,1cdfa62341896e19,14b76b6fd28f1ff6,CONTAINS_STEP,,,4.0
fbeeb1ed1768e68b,1cdfa62341896e19,9d44c85cc148b74a,CONTAINS_STEP,,,5.0
3a2de476bd207de5,1cdfa62341896e19,1b70333f3519bf24,CONTAINS_STEP,,,6.0
700ae93fffd7da2a,1cdfa62341896e19,fbaa4e39ca8903bf,BELONGS_TO_CATEGORY,,,
2b8bb035c4dd9276,1cdfa62341896e19,8ffff47d4d8a1bba,HAS_DIFFICULTY_LEVEL,,,
03209bd139ca67c7,6516452c79f80d4b,f839268c41aa92a3,REQUIRES,8-10,个,
91e0ae999a113ff0,6516452c79f80d4b,be1a7c309fe2740b,REQUIRES,10,克,
7b59a63d3d1ddb12,6516452c79f80d4b,1e2a144c462b1349,REQUIRES,15,克,
4b9ff1447fab2158,6516452c79f80d4b,f7e2bea0db01f3ce,REQUIRES,15,克,
e2875dda144aaaa9,6516452c79f80d4b,fb3fd3b8cfac4ea2,REQUIRES,1,片,
3e624f9405f024ab,6516452c79f80d4b,7bda97ac3ec3677f,REQUIRES,1,个,
20668b207f3fc108,6516452c79f80d4b,e7f2652992a6ec8c,REQUIRES,5,克,
18803f577e56147e,6516452c79f80d4b,f51cc7dee2ae247a,REQUIRES,15,克,
ef0f87ca19bf7ae3,6516452c79f80d4b,36f58a72875817bf,REQUIRES,35,毫升,
301d31c4a3d41c27,6516452c79f80d4b,8eacb18b6bdddbdf,REQUIRES,15,毫升,
6dbb91bc17b410f2,6516452c79f80d4b,c58ebb601076aef8,REQUIRES,5,毫升,
09f104e9e809a444,6516452c79f80d4b,012f941f126fbf2c,REQUIRES,3,克,
5cf4ea2610fb1f81,6516452c79f80d4b,3de857b59530ec6e,REQUIRES,2,克,
7e4cc3f3411b1ebd,6516452c79f80d4b,02e1eabcea426568,REQUIRES,1,克,
a776b1acdf301d8e,6516452c79f80d4b,4d88236423cbd7a7,REQUIRES,3,克,
d3e912339355deba,6516452c79f80d4b,9d1e2307ea816d47,REQUIRES,5,克,
c9494127162b8980,6516452c79f80d4b,591bba36f3a09e1c,REQUIRES,10-15,毫升,
52c08fc5ebae7f3f,6516452c79f80d4b,717f42445ecc2ca9,CONTAINS_STEP,,,1.0
63673dce711c4b37,6516452c79f80d4b,2917bdbbaed9986f,CONTAINS_STEP,,,2.0
cf4fca2dc5974e70,6516452c79f80d4b,630998f0d57cc767,CONTAINS_STEP,,,3.0
4ad36da348df016a,6516452c79f80d4b,a921dc5e35cf6939,CONTAINS_STEP,,,4.0
a1cf9ccdfd95f337,6516452c79f80d4b,10730f950af38438,CONTAINS_STEP,,,5.0
2181c195276ec4e2,6516452c79f80d4b,76aaa2051fdda7d1,CONTAINS_STEP,,,6.0
aa529112a944b202,6516452c79f80d4b,9ed943063c1f1b05,CONTAINS_STEP,,,7.0
7da14b9872de621f,6516452c79f80d4b,7d71a871ab423441,CONTAINS_STEP,,,8.0
fc736c4097f75561,6516452c79f80d4b,0da6e724f3a9feec,CONTAINS_STEP,,,9.0
c15a0c887f0449fe,6516452c79f80d4b,3096d2d944f2f2a8,CONTAINS_STEP,,,10.0
74cb406c1a442ef0,6516452c79f80d4b,83d1797c78dfa12c,CONTAINS_STEP,,,11.0
71406dd04fa35467,6516452c79f80d4b,384b265dab4b7044,CONTAINS_STEP,,,12.0
6696c07101b16bac,6516452c79f80d4b,6290d9ad5e6ba8ec,CONTAINS_STEP,,,13.0
50305a8fe8940506,6516452c79f80d4b,fbaa4e39ca8903bf,BELONGS_TO_CATEGORY,,,
565abeaa74b63418,6516452c79f80d4b,b47f0d2431a888a2,HAS_DIFFICULTY_LEVEL,,,
d55c7955cd0851a1,9f7d4afe5eccd67a,2af159c677910d35,REQUIRES,1,斤,
f362674c46ef03e3,9f7d4afe5eccd67a,756bed3f74e2e3fb,REQUIRES,20,克,
115b8a3dd3cca9d7,9f7d4afe5eccd67a,3b01ee5f4c43c55c,REQUIRES,15,克,
eef7999754c9fe5a,9f7d4afe5eccd67a,3de857b59530ec6e,REQUIRES,3,克,
25b9936518c7268d,9f7d4afe5eccd67a,8eacb18b6bdddbdf,REQUIRES,30,克,
5c46079a7ca2ef33,9f7d4afe5eccd67a,99600898266742b1,REQUIRES,30,克,
8f301313f8f73c0b,9f7d4afe5eccd67a,012f941f126fbf2c,REQUIRES,3,克,
53d037c605ecbf33,9f7d4afe5eccd67a,a0f811163427b27d,REQUIRES,15-30,克,
eeabd6d3a6f21d67,9f7d4afe5eccd67a,25b3242025557526,REQUIRES,5,条,
9ce591eff5c1d032,9f7d4afe5eccd67a,02388f585485c7d2,REQUIRES,5,颗,
6b8fdbc112cbd18c,9f7d4afe5eccd67a,0b2e754026eae1ff,CONTAINS_STEP,,,1.0
dff4ae3928c96c2d,9f7d4afe5eccd67a,a5dd4a908285b471,CONTAINS_STEP,,,2.0
edb79b5abdde2b05,9f7d4afe5eccd67a,b405b93b90858656,CONTAINS_STEP,,,3.0
44a2a83d0aeac04b,9f7d4afe5eccd67a,d2e2f7afb488a9b0,CONTAINS_STEP,,,4.0
5051c3e5492a4a40,9f7d4afe5eccd67a,573a02eefbb58f59,CONTAINS_STEP,,,5.0
15fe23841f74ec8c,9f7d4afe5eccd67a,151bfddb723312be,CONTAINS_STEP,,,6.0
d67d2c69d63ba4fa,9f7d4afe5eccd67a,68962c1ccbc8c622,CONTAINS_STEP,,,7.0
fc8bd2feabc86169,9f7d4afe5eccd67a,fbaa4e39ca8903bf,BELONGS_TO_CATEGORY,,,
e64031090b4bbdfe,9f7d4afe5eccd67a,b47f0d2431a888a2,HAS_DIFFICULTY_LEVEL,,,
e8996e66c56c11aa,8e46bd7b2500c596,3629216b05c6eef9,REQUIRES,4,个,
79886c75c9ffbe1c,8e46bd7b2500c596,48537d7a891faf7e,REQUIRES,1,根,
fb845a8f7a42df2f,8e46bd7b2500c596,591bba36f3a09e1c,REQUIRES,20-25,毫升,
d032f55f15a004c2,8e46bd7b2500c596,99600898266742b1,REQUIRES,20,克,
4e87a54d8e53b516,8e46bd7b2500c596,8eacb18b6bdddbdf,REQUIRES,5,克,
1be5fab5368b9640,8e46bd7b2500c596,3de857b59530ec6e,REQUIRES,2,克,
038a3abb82111027,8e46bd7b2500c596,2cdc8e1f9aefc7b2,REQUIRES,2,克,
40fdb2d13aef9621,8e46bd7b2500c596,7f1151fe709523e8,CONTAINS_STEP,,,1.0
c2f38c5dd519cf44,8e46bd7b2500c596,44d6189e3d1134af,CONTAINS_STEP,,,2.0
939b699037dc4dbb,8e46bd7b2500c596,b8ea251589045a17,CONTAINS_STEP,,,3.0
856732f58fff471e,8e46bd7b2500c596,8a028a093254721b,CONTAINS_STEP,,,4.0
ecd31f87bcfbee91,8e46bd7b2500c596,4326d131888dafb7,CONTAINS_STEP,,,5.0
ff455fdc66621f10,8e46bd7b2500c596,c1eba30d91d4335f,CONTAINS_STEP,,,6.0
0767ed62cecba661,8e46bd7b2500c596,0a97f90267d726ff,CONTAINS_STEP,,,7.0
0ef069a3b6c37a66,8e46bd7b2500c596,8cb6f754f0c0bb7b,CONTAINS_STEP,,,8.0
13dc6994241a2989,8e46bd7b2500c596,770dfa65c6776654,CONTAINS_STEP,,,9.0
5cd7d5c3aa42c5bb,8e46bd7b2500c596,c9aa066b305acae1,CONTAINS_STEP,,,10.0
edcc796447dc8f61,8e46bd7b2500c596,312a7be71516ce89,CONTAINS_STEP,,,11.0
ab7ae0cff5f6eae2,8e46bd7b2500c596,3ebc432ebf57f1c2,CONTAINS_STEP,,,12.0
895683ea757fcae2,8e46bd7b2500c596,fbaa4e39ca8903bf,BELONGS_TO_CATEGORY,,,
6b168d23a65bf789,8e46bd7b2500c596,b47f0d2431a888a2,HAS_DIFFICULTY_LEVEL,,,
d952c4996a51563a,3c3d21fead9586f0,11612c8dd00945a4,REQUIRES,1,个,
22dc8d033f273f68,3c3d21fead9586f0,8d8c7cfe7130f3a0,REQUIRES,1.5,个,
b150d816aab1012c,3c3d21fead9586f0,591bba36f3a09e1c,REQUIRES,4,毫升,
40e5da878c732210,3c3d21fead9586f0,012f941f126fbf2c,REQUIRES,1.5-2,克,
ef3da6e81f272d78,3c3d21fead9586f0,51731c093ee2c51a,REQUIRES,0-2,克,
7dee2331e519d6a9,3c3d21fead9586f0,454f3c68a59eb078,REQUIRES,0-10,克,
80522c657f868352,3c3d21fead9586f0,264ea5f278a6b297,CONTAINS_STEP,,,1.0
35150b566d7c8ed8,3c3d21fead9586f0,96969e8167937855,CONTAINS_STEP,,,2.0
d52de66df628ba92,3c3d21fead9586f0,a34a53fa2602d5a7,CONTAINS_STEP,,,3.0
334bc930e925d30e,3c3d21fead9586f0,62c4d2e0e8446282,CONTAINS_STEP,,,4.0
bec872fef7078187,3c3d21fead9586f0,88b9ecc04fb20e26,CONTAINS_STEP,,,5.0
fd20f1afbe34b298,3c3d21fead9586f0,fbaa4e39ca8903bf,BELONGS_TO_CATEGORY,,,
a718ba49bdf002dc,3c3d21fead9586f0,90fbf75112044729,HAS_DIFFICULTY_LEVEL,,,
770e04d4bb7ef148,341c1e25d75a4199,987d92b730064b5a,REQUIRES,3,个,
2a9ba9408ef17e53,341c1e25d75a4199,9288b88cddf3cdcd,REQUIRES,200,克,
c40235806e74bea4,341c1e25d75a4199,012f941f126fbf2c,REQUIRES,3,克,
651ad5025e81940c,341c1e25d75a4199,8eacb18b6bdddbdf,REQUIRES,3,毫升,
7906c633305f05c4,341c1e25d75a4199,99600898266742b1,REQUIRES,3,毫升,
139bd07540156c73,341c1e25d75a4199,f7e2bea0db01f3ce,REQUIRES,5,克,
738d0dd0ef95d289,341c1e25d75a4199,a6673eb5674c760f,REQUIRES,5,克,
4cb7c67ac08a1a39,341c1e25d75a4199,121157f3cd06abbf,REQUIRES,2,毫升,
f996a174140068f7,341c1e25d75a4199,630f1d19fa08b336,REQUIRES,3,克,
c409793e61650cb9,341c1e25d75a4199,75789e58d099a674,REQUIRES,8,毫升,
6ad41212441cd14d,341c1e25d75a4199,f83a6a91795c22f2,CONTAINS_STEP,,,1.0
4004627c933ae995,341c1e25d75a4199,a0a9b0377287fdd5,CONTAINS_STEP,,,2.0
e722ad21003e30de,341c1e25d75a4199,ff9634f07878e177,CONTAINS_STEP,,,3.0
b72c358c42bc819e,341c1e25d75a4199,27ef45c4c334cdef,CONTAINS_STEP,,,4.0
bfdc2bcbc90da101,341c1e25d75a4199,4a2251bda98770c4,CONTAINS_STEP,,,5.0
135993cb3d29585b,341c1e25d75a4199,ac160a00b132b562,CONTAINS_STEP,,,6.0
4bc04fb184e48e65,341c1e25d75a4199,72baf82b6be102b9,CONTAINS_STEP,,,7.0
d8c4ec4faf6cacf2,341c1e25d75a4199,2972d47206fbc4e3,CONTAINS_STEP,,,8.0
4bc9705002e7a20b,341c1e25d75a4199,9aae038aea46ea2d,CONTAINS_STEP,,,9.0
cc6693a91b9ba7bc,341c1e25d75a4199,fbaa4e39ca8903bf,BELONGS_TO_CATEGORY,,,
87060b147a5fb580,341c1e25d75a4199,b47f0d2431a888a2,HAS_DIFFICULTY_LEVEL,,,
89d334f2815f46ba,67707d0a25be00b7,578b346583062740,REQUIRES,1,根,
d707a180f41aa7fb,67707d0a25be00b7,8d8c7cfe7130f3a0,REQUIRES,2,个,
e5398eab399a5ccf,67707d0a25be00b7,e602331369c3b698,REQUIRES,1,根,
a162a628fd20a18d,67707d0a25be00b7,012f941f126fbf2c,REQUIRES,2,克,
f16e7c888519a329,67707d0a25be00b7,8eacb18b6bdddbdf,REQUIRES,3,毫升,
e124e02fccbda90b,67707d0a25be00b7,fe0e1e2432c9ad3c,REQUIRES,1,个,
3cdf66a43871fbf9,67707d0a25be00b7,591bba36f3a09e1c,REQUIRES,10,毫升,
ecd930c7e3983474,67707d0a25be00b7,59f8ec5a2ad1164e,CONTAINS_STEP,,,1.0
6ffed5b2bb220046,67707d0a25be00b7,e7b473c240280df4,CONTAINS_STEP,,,2.0
82ec127cd18de0e5,67707d0a25be00b7,9cf09a9e037999b8,CONTAINS_STEP,,,3.0
bbae16eba4bb53a7,67707d0a25be00b7,d7bd416e5f02c434,CONTAINS_STEP,,,4.0
84c48eef7ef61ee6,67707d0a25be00b7,e947fbda0fbf7163,CONTAINS_STEP,,,5.0
208e1247e3fc7636,67707d0a25be00b7,d269f680284344e2,CONTAINS_STEP,,,6.0
958c386304f0df13,67707d0a25be00b7,fbaa4e39ca8903bf,BELONGS_TO_CATEGORY,,,
70d3d613a2800b46,67707d0a25be00b7,90fbf75112044729,HAS_DIFFICULTY_LEVEL,,,
a76dcf45136842ef,ac1a17871b1eae0f,4e39181987e113f7,REQUIRES,2,只,
5c3de97a5299c99e,ac1a17871b1eae0f,4c70d9b531a51882,REQUIRES,5,朵,
2384621c7ee1f709,ac1a17871b1eae0f,987d92b730064b5a,REQUIRES,2,个,
d63d19cb940dadd7,ac1a17871b1eae0f,708e1f24fd88cd89,REQUIRES,2,片,
a6fad18767897bcf,ac1a17871b1eae0f,e7f2652992a6ec8c,REQUIRES,5-6,个,
9a4a8a4c93398b90,ac1a17871b1eae0f,012f941f126fbf2c,REQUIRES,10,克,
b97f0d35de89aeb6,ac1a17871b1eae0f,f00e325df91687b0,REQUIRES,10,毫升,
965be2085999da76,ac1a17871b1eae0f,9949b74f9bbcbda2,REQUIRES,5,克,
9929ee675e78af3e,ac1a17871b1eae0f,3de857b59530ec6e,REQUIRES,5,克,
161a5e643793d7ff,ac1a17871b1eae0f,121157f3cd06abbf,REQUIRES,5,毫升,
8ebae4cad8dceb67,ac1a17871b1eae0f,90e30825c05a7213,REQUIRES,,,
95e674d43e0bae52,ac1a17871b1eae0f,c4c861a331203d3a,REQUIRES,1,个,
988a63f659ebafb3,ac1a17871b1eae0f,491fd61472f221e0,CONTAINS_STEP,,,1.0
d2e154b65edaa805,ac1a17871b1eae0f,38e6b905737b2857,CONTAINS_STEP,,,2.0
68bcc5d6949a4f96,ac1a17871b1eae0f,1db5d273b3ab7760,CONTAINS_STEP,,,3.0
4816195abf387d6e,ac1a17871b1eae0f,551d37cdc6cf1c77,CONTAINS_STEP,,,4.0
f6d5df9f6f45bff0,ac1a17871b1eae0f,ca92db7265d13a42,CONTAINS_STEP,,,5.0
26dcc70228cca090,ac1a17871b1eae0f,fbaa4e39ca8903bf,BELONGS_TO_CATEGORY,,,
c737b5a5c61c30b9,ac1a17871b1eae0f,b47f0d2431a888a2,HAS_DIFFICULTY_LEVEL,,,
d45e701b9a5136c1,c5bb059702549bf3,8868bc192a5fd0d8,REQUIRES,250-500,克,
e1b91123c6644f7d,c5bb059702549bf3,ffcf88d043d63ac4,REQUIRES,100-200,克,
ad9b96eccd1182d6,c5bb059702549bf3,63a0d86fabf575cc,REQUIRES,5-15,克,
5edd152e3df40758,c5bb059702549bf3,a6673eb5674c760f,REQUIRES,5-10,克,
33ce98433dfef6b1,c5bb059702549bf3,012f941f126fbf2c,REQUIRES,,,
872b37d060568269,c5bb059702549bf3,24c26dc5ebca9d8c,REQUIRES,,,
dc5b95322dbbead4,c5bb059702549bf3,8099ad41821c039c,CONTAINS_STEP,,,1.0
0dfa4fd20baf57dd,c5bb059702549bf3,4ce604cfa13790ae,CONTAINS_STEP,,,2.0
6fc0878f900e4ef3,c5bb059702549bf3,34799a733222a722,CONTAINS_STEP,,,3.0
ee19cf746c837a46,c5bb059702549bf3,0056907f94360d80,CONTAINS_STEP,,,4.0
e25ddede6ed1d4d8,c5bb059702549bf3,4ec081bb3f1bf90d,CONTAINS_STEP,,,5.0
f5279d87619c6081,c5bb059702549bf3,e030434706fd3aea,BELONGS_TO_CATEGORY,,,
6c56a1964cdaa25b,c5bb059702549bf3,8ffff47d4d8a1bba,HAS_DIFFICULTY_LEVEL,,,
e3bebddff0e1f89a,10cf45e70b7fe3eb,8868bc192a5fd0d8,REQUIRES,500-800,克,
e79c688cf1e57ca1,10cf45e70b7fe3eb,be61f8f91eefd266,REQUIRES,1,根,
ddd796f6f9c27745,10cf45e70b7fe3eb,fd13e5881d4211a1,REQUIRES,1,根,
2cf1007a69be8887,10cf45e70b7fe3eb,fd0c9db7a6a22d61,REQUIRES,,,
d8183ab6b302b051,10cf45e70b7fe3eb,a5a896d3d1479d48,REQUIRES,1,根,
954807dbc101f95e,10cf45e70b7fe3eb,591bba36f3a09e1c,REQUIRES,10,毫升,
5488fd453ab0b881,10cf45e70b7fe3eb,a70f44387974ed9e,REQUIRES,4,克,
fba78fc823fc08ca,10cf45e70b7fe3eb,f00e325df91687b0,REQUIRES,10,毫升,
3f3c7048d77784a9,10cf45e70b7fe3eb,89aa75a311e9eced,REQUIRES,10,毫升,
ae01afdc50c966da,10cf45e70b7fe3eb,809cd62c6159126d,REQUIRES,10-15,克,
52c60882c6f87916,10cf45e70b7fe3eb,ed5e59e62e79f897,REQUIRES,1000,毫升,
9ee92bcd6da78e87,10cf45e70b7fe3eb,a6673eb5674c760f,REQUIRES,,,
2d6463f1559a8cd0,10cf45e70b7fe3eb,eb1264a1ee4ec1e3,CONTAINS_STEP,,,1.0
cf7e3742cf4fcf2f,10cf45e70b7fe3eb,5aa3aa853cfc155a,CONTAINS_STEP,,,2.0
5eb42e92b15dd92a,10cf45e70b7fe3eb,360fa77fff98bd19,CONTAINS_STEP,,,3.0
d1099fc3ee0b4f79,10cf45e70b7fe3eb,ce9f7b34887d10c6,CONTAINS_STEP,,,4.0
4600012a9db8898a,10cf45e70b7fe3eb,424110f5eca66fa7,CONTAINS_STEP,,,5.0
e856e467c505f748,10cf45e70b7fe3eb,6b3ee253c20e7763,CONTAINS_STEP,,,6.0
4070a1ad50c9934c,10cf45e70b7fe3eb,e030434706fd3aea,BELONGS_TO_CATEGORY,,,
4ed266ae899e7f08,10cf45e70b7fe3eb,b47f0d2431a888a2,HAS_DIFFICULTY_LEVEL,,,
247e04fcfca19455,8e0c85939ec53b4c,8d8c7cfe7130f3a0,REQUIRES,2,个,
f303afdf6077f932,8e0c85939ec53b4c,702e1865287050f9,REQUIRES,10,克,
f240e8113a8ee7fa,8e0c85939ec53b4c,454f3c68a59eb078,REQUIRES,,,
59c81eb681b267fa,8e0c85939ec53b4c,a3dd28934f2f9a12,REQUIRES,1.5,升,
89f781d96e423031,8e0c85939ec53b4c,012f941f126fbf2c,REQUIRES,2,克,
845a76785f1e95b0,8e0c85939ec53b4c,75789e58d099a674,REQUIRES,5,毫升,
e29956adcbb7e1d0,8e0c85939ec53b4c,fb76ded324b3c952,REQUIRES,,,
5161d3d4265d997c,8e0c85939ec53b4c,61d72977e7d9e184,CONTAINS_STEP,,,1.0
6defc0e56b7547bb,8e0c85939ec53b4c,8d16e33bde074bbf,CONTAINS_STEP,,,2.0
c54ebb9688af1c0a,8e0c85939ec53b4c,6c60a6a60c470553,CONTAINS_STEP,,,3.0
a320e145093607e1,8e0c85939ec53b4c,dd6480e2b760788a,CONTAINS_STEP,,,4.0
2ca61fe72c7a0f0b,8e0c85939ec53b4c,564a8d42f85092f0,CONTAINS_STEP,,,5.0
7271ddc4a073205e,8e0c85939ec53b4c,e030434706fd3aea,BELONGS_TO_CATEGORY,,,
3f94846616471e17,8e0c85939ec53b4c,90fbf75112044729,HAS_DIFFICULTY_LEVEL,,,
b545a3d3fb44a4d3,231d29d4ab20abb3,50ccd5256717699b,REQUIRES,300,克,
0e15e60b3afe78cb,231d29d4ab20abb3,591bba36f3a09e1c,REQUIRES,10,毫升,
ae4a2cf11d18f22f,231d29d4ab20abb3,f00e325df91687b0,REQUIRES,20,毫升,
2cb036d78dbe2918,231d29d4ab20abb3,fd0c9db7a6a22d61,REQUIRES,50,克,
3009bc7ce8530661,231d29d4ab20abb3,ed5e59e62e79f897,REQUIRES,1000,毫升,
909dfefcc2b13119,231d29d4ab20abb3,9949b74f9bbcbda2,REQUIRES,1,克,
549a722860ea90d2,231d29d4ab20abb3,809cd62c6159126d,REQUIRES,5,克,
b9c6b6f9d31590d7,231d29d4ab20abb3,5c892ba5ba5ddd13,REQUIRES,1,克,
e296f7448d71f551,231d29d4ab20abb3,25b3242025557526,REQUIRES,20,克,
85ec045963cc1044,231d29d4ab20abb3,ecd933fa92ebaa43,CONTAINS_STEP,,,1.0
e8cef86d89fc00a6,231d29d4ab20abb3,51b97ccdfecb4300,CONTAINS_STEP,,,2.0
c24c0a0242364dff,231d29d4ab20abb3,0a8abf3a2a469aa6,CONTAINS_STEP,,,3.0
5bc9f11382429434,231d29d4ab20abb3,828139362ff71453,CONTAINS_STEP,,,4.0
c7e52d97ad5f93da,231d29d4ab20abb3,73879902023c0251,CONTAINS_STEP,,,5.0
ec5eee3cf516a3ba,231d29d4ab20abb3,e030434706fd3aea,BELONGS_TO_CATEGORY,,,
39cdfc5ef3c2a679,231d29d4ab20abb3,b47f0d2431a888a2,HAS_DIFFICULTY_LEVEL,,,
6d0ef9ade5bfb3dc,66a094b270e52b80,0890ceb4dfc72463,REQUIRES,300,克,
db7bae848382b286,66a094b270e52b80,ece4e56397856e18,REQUIRES,100,克,
122d5d0ee0f3b076,66a094b270e52b80,be61f8f91eefd266,REQUIRES,200,克,
12f3153599a8c62c,66a094b270e52b80,be1a7c309fe2740b,REQUIRES,30,克,
383771703584978a,66a094b270e52b80,f00e325df91687b0,REQUIRES,15,毫升,
401079cb6665ac28,66a094b270e52b80,809cd62c6159126d,REQUIRES,10,克,
96b11542a649b5b6,66a094b270e52b80,9985bde4659f8be0,CONTAINS_STEP,,,1.0
46946263589725f2,66a094b270e52b80,16da71db190301ba,CONTAINS_STEP,,,2.0
69848bcb1f631a17,66a094b270e52b80,1173125ddf1fbad2,CONTAINS_STEP,,,3.0
21f470fc62096983,66a094b270e52b80,f0f8401b34613b1c,CONTAINS_STEP,,,4.0
ab67da9049786ac8,66a094b270e52b80,e030434706fd3aea,BELONGS_TO_CATEGORY,,,
25995e8c63919d98,66a094b270e52b80,8ffff47d4d8a1bba,HAS_DIFFICULTY_LEVEL,,,
3788dd5b0ff31556,edea0ef34af44d12,bb154589aa0ece72,REQUIRES,150,克,
0ebbc65f56d8d3ef,edea0ef34af44d12,fd3a4723e62d2b32,REQUIRES,5,克,
590cf567d31bd162,edea0ef34af44d12,f7e2bea0db01f3ce,REQUIRES,2,瓣,
b1dc1c2befaa84a6,edea0ef34af44d12,8eacb18b6bdddbdf,REQUIRES,15,毫升,
f7a1165845df01a0,edea0ef34af44d12,89aa75a311e9eced,REQUIRES,10,毫升,
f7bf9eeaf88beef6,edea0ef34af44d12,3de857b59530ec6e,REQUIRES,3,克,
d3e4a89685a47397,edea0ef34af44d12,6062648b34c8fd88,REQUIRES,5,毫升,
ffcdc854895f5bea,edea0ef34af44d12,02cd318784d9a45a,REQUIRES,5,毫升,
d1de654502b9ea37,edea0ef34af44d12,326782839c2b3177,CONTAINS_STEP,,,1.0
b95e3caa7626b06c,edea0ef34af44d12,b3e592edc8e202dd,CONTAINS_STEP,,,2.0
9b356da66610ada9,edea0ef34af44d12,1326d22c02a855a6,CONTAINS_STEP,,,3.0
8206f56ed02a50a0,edea0ef34af44d12,4327b37fa6971517,CONTAINS_STEP,,,4.0
ab77432d9af9bdcc,edea0ef34af44d12,767910bf309209f7,CONTAINS_STEP,,,5.0
be76203b5a5d0a7f,edea0ef34af44d12,ebbb1a0b9e70cbf8,CONTAINS_STEP,,,6.0
9f4f8972fa128dfb,edea0ef34af44d12,739e2d0982bbcd43,CONTAINS_STEP,,,7.0
26147093567d144e,edea0ef34af44d12,1850682df0498f0d,CONTAINS_STEP,,,8.0
13be65cb503b8908,edea0ef34af44d12,f445597727b99b6a,CONTAINS_STEP,,,9.0
d6929bbfd2712e1d,edea0ef34af44d12,f24427900e9df1c1,CONTAINS_STEP,,,10.0
4c71f18be32ccac4,edea0ef34af44d12,6ad42fcc23d9d172,CONTAINS_STEP,,,11.0
1953a4a5e78841eb,edea0ef34af44d12,e1b9c2430564a356,CONTAINS_STEP,,,12.0
b57d6956b822a5dd,edea0ef34af44d12,9b7a3411fd64b122,CONTAINS_STEP,,,13.0
f7969b8dda0a2c4e,edea0ef34af44d12,8c5a6906a9c7e797,BELONGS_TO_CATEGORY,,,
54908715c3f88ed2,edea0ef34af44d12,90fbf75112044729,HAS_DIFFICULTY_LEVEL,,,
56943f3ac33de63d,70c402155afe1003,235c2c8ad80e2868,REQUIRES,200,克,
390b5acf9988a0ff,70c402155afe1003,c4c861a331203d3a,REQUIRES,150,克,
2a2880dbdad9b8d8,70c402155afe1003,d5c10128dd3ae3c1,REQUIRES,3-4,个,
0d94bafab03d2f74,70c402155afe1003,1e2a144c462b1349,REQUIRES,5,克,
a19b14d51a060d93,70c402155afe1003,be1a7c309fe2740b,REQUIRES,5,克,
3948b53c8311a4da,70c402155afe1003,02388f585485c7d2,REQUIRES,15,克,
8529c64d68b8768b,70c402155afe1003,a9ee11c0b1e01174,REQUIRES,15,毫升,
cbc6d5c92856da15,70c402155afe1003,8eacb18b6bdddbdf,REQUIRES,10,毫升,
f213b4275d0a76c0,70c402155afe1003,51731c093ee2c51a,REQUIRES,10,克,
c367624696415405,70c402155afe1003,2cdc8e1f9aefc7b2,REQUIRES,8,克,
eaa3abeebf5c05bf,70c402155afe1003,75789e58d099a674,REQUIRES,,,
89d2d7b0756b9443,70c402155afe1003,17be33197573887b,CONTAINS_STEP,,,1.0
c8615f8e0109ce9a,70c402155afe1003,5be87a05d45cb7a4,CONTAINS_STEP,,,2.0
5036fcd622e5a479,70c402155afe1003,5296f6400f6f0fc8,CONTAINS_STEP,,,3.0
d8f13826d2df7108,70c402155afe1003,f153e593f21fdbea,CONTAINS_STEP,,,4.0
1ede879efccd17bc,70c402155afe1003,359e0d7c70b931f0,CONTAINS_STEP,,,5.0
70458884b4deb799,70c402155afe1003,3da66af1a1bcc2b7,CONTAINS_STEP,,,6.0
6e9c6bf4603b9685,70c402155afe1003,8c5a6906a9c7e797,BELONGS_TO_CATEGORY,,,
21c8c8a78fd8265b,70c402155afe1003,b47f0d2431a888a2,HAS_DIFFICULTY_LEVEL,,,
503df7eaf301242a,9bf4de02fa6481be,21324784ce329acf,REQUIRES,1,颗,
460ae27c89fb9c1a,9bf4de02fa6481be,8c7adab31f82dd88,REQUIRES,200,g,
96f9c454c4147e6b,9bf4de02fa6481be,57b342e338cdb996,REQUIRES,2,根,
7d8794e1f7a8e2f9,9bf4de02fa6481be,591bba36f3a09e1c,REQUIRES,60,ml,
28edf8846c61f49d,9bf4de02fa6481be,f00e325df91687b0,REQUIRES,5,ml,
177fe7ae54cef301,9bf4de02fa6481be,8eacb18b6bdddbdf,REQUIRES,5,ml,
64ecaebd99021bc1,9bf4de02fa6481be,277376e726631405,REQUIRES,5,ml,
d0147526efe50d40,9bf4de02fa6481be,911b4bc6c24698c5,REQUIRES,2,g,
b932fd06ca953f09,9bf4de02fa6481be,be1a7c309fe2740b,REQUIRES,2,片,
18f06358db165ef1,9bf4de02fa6481be,ee172d1e1d07d204,REQUIRES,2,粒,
c82f8f2c40705508,9bf4de02fa6481be,30e0f570e6e72d7a,REQUIRES,0.5,根,
54b86dee3639c47e,9bf4de02fa6481be,012f941f126fbf2c,REQUIRES,5,g,
eb83f82b997b1adb,9bf4de02fa6481be,6c9002a87b8c3236,CONTAINS_STEP,,,1.0
dc915ee18553d5d5,9bf4de02fa6481be,70c20994aa9f1287,CONTAINS_STEP,,,2.0
f4f965d4e2ec44bd,9bf4de02fa6481be,7626cf88fb704199,CONTAINS_STEP,,,3.0
cbd7c591b9836821,9bf4de02fa6481be,7b7fe6771a46d61f,CONTAINS_STEP,,,4.0
f1169566edc1ef00,9bf4de02fa6481be,a4410f3bf12c56ec,CONTAINS_STEP,,,5.0
c38c084a9fbc155a,9bf4de02fa6481be,201d4e39713b8f03,CONTAINS_STEP,,,6.0
9c76bc0172ae0bd4,9bf4de02fa6481be,7a9f09360dc2e555,CONTAINS_STEP,,,7.0
0298c01e5b5e5d1e,9bf4de02fa6481be,9d548fb7bb2ffad4,CONTAINS_STEP,,,8.0
f380d88fb08f2a72,9bf4de02fa6481be,8c5a6906a9c7e797,BELONGS_TO_CATEGORY,,,
8b3c9d1c11629484,9bf4de02fa6481be,b47f0d2431a888a2,HAS_DIFFICULTY_LEVEL,,,
25bee61834c49cfb,f4415ea6d38cbb10,ccdf3541d354570f,REQUIRES,100,克,
de4c4c61b880fc47,f4415ea6d38cbb10,8acd5572753a0cd8,REQUIRES,2,粒,
dc04e7e0544c4cbc,f4415ea6d38cbb10,591bba36f3a09e1c,REQUIRES,10-15,毫升,
f8fec27af820e6a1,f4415ea6d38cbb10,2b62b694f442f39c,REQUIRES,2,克,
8b98f09deb3caee9,f4415ea6d38cbb10,8a2f5b2f09ba3a2c,REQUIRES,70,毫升,
37319d4f896e6989,f4415ea6d38cbb10,3de857b59530ec6e,REQUIRES,5,克,
fa81859933877692,f4415ea6d38cbb10,a591c065d4c95de6,CONTAINS_STEP,,,1.0
537f9d9a15b17af8,f4415ea6d38cbb10,2002715dfe260d7a,CONTAINS_STEP,,,2.0
7cb70d29ccbe4e41,f4415ea6d38cbb10,c258a9efaa7bdcbc,CONTAINS_STEP,,,3.0
aadf97c3bb88aede,f4415ea6d38cbb10,017c908348e5abb4,CONTAINS_STEP,,,4.0
14e2b20e011b92fd,f4415ea6d38cbb10,080cd0c96e24a9c5,CONTAINS_STEP,,,5.0
3d1c0bad6a00a0dd,f4415ea6d38cbb10,3b76d1dd8bbad3da,CONTAINS_STEP,,,6.0
af95ae122c00ecc3,f4415ea6d38cbb10,a1300c1a2954a260,CONTAINS_STEP,,,7.0
232f5fa8e7349ed2,f4415ea6d38cbb10,edb2419891987c78,CONTAINS_STEP,,,8.0
09d2cd263da6ec42,f4415ea6d38cbb10,8c5a6906a9c7e797,BELONGS_TO_CATEGORY,,,
8e5c13010a4c02c9,f4415ea6d38cbb10,90fbf75112044729,HAS_DIFFICULTY_LEVEL,,,
1809f4df99429528,27adf0170b6bf40b,db4b49ac4a75d123,REQUIRES,250,克,
61cc89a62d40624a,27adf0170b6bf40b,591bba36f3a09e1c,REQUIRES,10,克,
be35938f85d92188,27adf0170b6bf40b,8eacb18b6bdddbdf,REQUIRES,5,克,
e23e6e5fbb437280,27adf0170b6bf40b,99600898266742b1,REQUIRES,5,克,
0bafddc944373290,27adf0170b6bf40b,012f941f126fbf2c,REQUIRES,,,
f1c528677202faa5,27adf0170b6bf40b,51731c093ee2c51a,REQUIRES,3,克,
5321812e2fcaec88,27adf0170b6bf40b,f7e2bea0db01f3ce,REQUIRES,,,
ca7dae73f0251dd4,27adf0170b6bf40b,57b342e338cdb996,REQUIRES,,,
d9f90818440902c6,27adf0170b6bf40b,2d8c74bc658e91e8,CONTAINS_STEP,,,1.0
bcdfc5316251faba,27adf0170b6bf40b,6aba981b9dad68a4,CONTAINS_STEP,,,2.0
62d73bdd8a8b8e04,27adf0170b6bf40b,c55301a7f2eead09,CONTAINS_STEP,,,3.0
7f9fbf4ceb5d0039,27adf0170b6bf40b,fa564ebc1fa055a1,CONTAINS_STEP,,,4.0
a92e6d569db84a83,27adf0170b6bf40b,1b95aea324dc3e85,CONTAINS_STEP,,,5.0
718e940b9f09ec1a,27adf0170b6bf40b,75b86e54d44dbabc,CONTAINS_STEP,,,6.0
7fd7509a70dded37,27adf0170b6bf40b,eb6217487576e649,CONTAINS_STEP,,,7.0
d201524c649d5d16,27adf0170b6bf40b,8c5a6906a9c7e797,BELONGS_TO_CATEGORY,,,
fb84e64486bb5249,27adf0170b6bf40b,90fbf75112044729,HAS_DIFFICULTY_LEVEL,,,
b87f44eca0ff8cb3,e118194e75dd4f14,235c2c8ad80e2868,REQUIRES,1,个,
65beba5c46b8306d,e118194e75dd4f14,69593d8edc9f6e20,REQUIRES,20,毫升,
6270eeffabb2bc5f,e118194e75dd4f14,3de857b59530ec6e,REQUIRES,15,毫升,
f03463b56e8c00c4,e118194e75dd4f14,8eacb18b6bdddbdf,REQUIRES,40,毫升,
45dcfcc9cf4c3c73,e118194e75dd4f14,c58ebb601076aef8,REQUIRES,10,毫升,
20890e8e5a6f6900,e118194e75dd4f14,f00e325df91687b0,REQUIRES,20,毫升,
67d2ee3027b56337,e118194e75dd4f14,a3dd28934f2f9a12,REQUIRES,100,毫升,
0ca622f953b0813e,e118194e75dd4f14,c4bebcba3f71fd65,CONTAINS_STEP,,,1.0
b8b4e09ab9ea123f,e118194e75dd4f14,f1815624f8ecfb7d,CONTAINS_STEP,,,2.0
c82fa921f9307fb3,e118194e75dd4f14,2a39db57bb5b7c8c,CONTAINS_STEP,,,3.0
cc9d024078d0a0c3,e118194e75dd4f14,11f217664d653798,CONTAINS_STEP,,,4.0
3d397cb93f8393eb,e118194e75dd4f14,41d097d9e8119cfb,CONTAINS_STEP,,,5.0
d9d6672268ce2730,e118194e75dd4f14,0021bef03dc4f5c5,CONTAINS_STEP,,,6.0
c4970fa099204057,e118194e75dd4f14,1acc6097fa10b10a,CONTAINS_STEP,,,7.0
ec96dc7ac941008d,e118194e75dd4f14,daf25d1b4b0ba3ae,CONTAINS_STEP,,,8.0
81eecf0a52764136,e118194e75dd4f14,8c5a6906a9c7e797,BELONGS_TO_CATEGORY,,,
a759eca8ee1fb6bb,e118194e75dd4f14,b47f0d2431a888a2,HAS_DIFFICULTY_LEVEL,,,
e480470f730f6f82,5ce30efa50cfddd6,519d326c729e576c,REQUIRES,1000,克,
111c11d7b2eb41c5,5ce30efa50cfddd6,f51cc7dee2ae247a,REQUIRES,300,克,
98fe8f8bc45501f7,5ce30efa50cfddd6,7103cde0cc34876a,CONTAINS_STEP,,,1.0
4b3853e15903038e,5ce30efa50cfddd6,f3f106e38e94bba7,CONTAINS_STEP,,,2.0
e60936603aa7bf36,5ce30efa50cfddd6,9b7cf29adb32280d,CONTAINS_STEP,,,3.0
fe1298b0027cdb38,5ce30efa50cfddd6,18df50d2d7deacc7,CONTAINS_STEP,,,4.0
8767064a00f1fc97,5ce30efa50cfddd6,0fcd353602a74508,CONTAINS_STEP,,,5.0
00efb0986ee669c5,5ce30efa50cfddd6,8aa7ef6c26015210,BELONGS_TO_CATEGORY,,,
f338f65ae4eed499,5ce30efa50cfddd6,90fbf75112044729,HAS_DIFFICULTY_LEVEL,,,
6f129aca43cf24ae,baee12f238d2a420,44b5c39b472ff3e7,REQUIRES,200,克,
55c7f30d6a46f7fc,baee12f238d2a420,42b1401f845f4a53,REQUIRES,2000,克,
759636e7b42e7a1f,baee12f238d2a420,8da77465fb04570b,REQUIRES,10,毫升,
3599857760848d9a,baee12f238d2a420,3b70cd56de4a1319,REQUIRES,10,克,
82415d7ab1818031,baee12f238d2a420,5e0a5984e6f401b7,REQUIRES,,,
5c86e31f8f5b6e2b,baee12f238d2a420,df3cf58b397f91a6,REQUIRES,,,
8f421b78acc7283f,baee12f238d2a420,d6d0d0dc3697268c,REQUIRES,,,
b5efee76270c4d07,baee12f238d2a420,45be23d4ca59b5cc,CONTAINS_STEP,,,1.0
51c39291564df4bd,baee12f238d2a420,333599ce541af0f2,CONTAINS_STEP,,,2.0
77b3877ae0dd852d,baee12f238d2a420,a2a6fde93fcf669d,CONTAINS_STEP,,,3.0
ae4a7912fa8c5df1,baee12f238d2a420,11bce05461a4723b,CONTAINS_STEP,,,4.0
455094184a25726a,baee12f238d2a420,ffc0649e5b0afcaa,CONTAINS_STEP,,,5.0
9b8b6e9be527a4e5,baee12f238d2a420,8aa7ef6c26015210,BELONGS_TO_CATEGORY,,,
73045d9bed350ba7,baee12f238d2a420,90fbf75112044729,HAS_DIFFICULTY_LEVEL,,,
e90c955c6bd2df47,ad4d67d72d012e77,928ccf51e609b4cb,REQUIRES,24,克,
9b3c262e35c8a453,ad4d67d72d012e77,4a4a70b87e4cb81b,REQUIRES,50,毫升,
ff72f86e22c68f03,ad4d67d72d012e77,7ae4601f5e1ed8e3,REQUIRES,2,块,
5053bf01db902b1a,ad4d67d72d012e77,9458a660bb996a3d,REQUIRES,1,粒,
6ba7b6a06ce817f5,ad4d67d72d012e77,a38656eacbd32e20,REQUIRES,0.5,粒,
35020586f01f2729,ad4d67d72d012e77,64a38fde9c3749f7,REQUIRES,150,毫升,
bc55168f66cc5a29,ad4d67d72d012e77,9981c562154ed00b,REQUIRES,,,
789b760dc971b7da,ad4d67d72d012e77,7466bab8dfe5b810,REQUIRES,,,
5e7a88624bb21e96,ad4d67d72d012e77,b688d847930acebb,CONTAINS_STEP,,,1.0
9dcb4e5fd101614d,ad4d67d72d012e77,e029a9b41a14412a,CONTAINS_STEP,,,2.0
7b228f01e810e5c4,ad4d67d72d012e77,376a6aefcb16b49a,CONTAINS_STEP,,,3.0
66f166c407df1535,ad4d67d72d012e77,7d0de73d519a051e,CONTAINS_STEP,,,4.0
0a25be87a7aee069,ad4d67d72d012e77,8aa7ef6c26015210,BELONGS_TO_CATEGORY,,,
cd7478ef531e6529,ad4d67d72d012e77,90fbf75112044729,HAS_DIFFICULTY_LEVEL,,,
e36cfa97d2ce07bd,df61c64ff1221e05,e440a12f0187280b,REQUIRES,40-45,克,
bae2dfa27150535d,df61c64ff1221e05,a2819f098b0358be,REQUIRES,40-45,克,
0a77e27faa61253b,df61c64ff1221e05,b8fbd20476aae9ce,REQUIRES,,,
0f01433e59db1dce,df61c64ff1221e05,26547dc43ed8388d,CONTAINS_STEP,,,1.0
5087416384b2bd80,df61c64ff1221e05,b97f80ba738c9852,CONTAINS_STEP,,,2.0
53f36e5f6dc199d3,df61c64ff1221e05,946201193b1620bf,CONTAINS_STEP,,,3.0
d88ea8aeafbcf889,df61c64ff1221e05,aabc6498cc0823e2,CONTAINS_STEP,,,4.0
0b8861865ccd1bae,df61c64ff1221e05,dcb3e81ca62e05dc,CONTAINS_STEP,,,5.0
71abec0eddcf518d,df61c64ff1221e05,dcb1d865f6d18fdd,CONTAINS_STEP,,,6.0
038a0bef71fa1c44,df61c64ff1221e05,8aa7ef6c26015210,BELONGS_TO_CATEGORY,,,
b7b980b31483fa82,df61c64ff1221e05,d7efdbae0a6483af,HAS_DIFFICULTY_LEVEL,,,
4fd745e88b8caea8,79af32784f41f8d7,a3dd28934f2f9a12,REQUIRES,2,升,
cc9333816912e21e,79af32784f41f8d7,727ca3484bc9137e,REQUIRES,25,克,
83cbd6f8795faf29,79af32784f41f8d7,1df9110c26df234e,REQUIRES,25,克,
c722165ee78c68b5,79af32784f41f8d7,75414f943a5f6537,REQUIRES,100,克,
bc9f5fd757c93234,79af32784f41f8d7,d4389fa52219ca36,REQUIRES,30,克,
3e159aa1e641af5a,79af32784f41f8d7,5cd5f051f52daf69,REQUIRES,2,克,
4dc13df9f395468d,79af32784f41f8d7,59c4989d6c6f70ca,REQUIRES,4,克,
dc101c6d39fcd15a,79af32784f41f8d7,e83f70226243628c,REQUIRES,1,克,
8278253be2fd458a,79af32784f41f8d7,905a8e646557f2ec,REQUIRES,3,克,
d5001f22d103f972,79af32784f41f8d7,ff1d7aa07171c9f7,CONTAINS_STEP,,,1.0
6159b720d276d26d,79af32784f41f8d7,ed5941d4990b1656,CONTAINS_STEP,,,2.0
e3905791f0488d5f,79af32784f41f8d7,884057e6363db4db,CONTAINS_STEP,,,3.0
1acdad15c6b05f92,79af32784f41f8d7,e909c36f34182d41,CONTAINS_STEP,,,4.0
ba68f38795891f45,79af32784f41f8d7,9ef704a45b1324b5,CONTAINS_STEP,,,5.0
8bf9e24fc5e46756,79af32784f41f8d7,b812b39be876a204,CONTAINS_STEP,,,6.0
667db45a53245f20,79af32784f41f8d7,8aa7ef6c26015210,BELONGS_TO_CATEGORY,,,
b4f5246dbaa0020b,79af32784f41f8d7,8ffff47d4d8a1bba,HAS_DIFFICULTY_LEVEL,,,
489df5e7ecd4ff3e,3d2c24a9e6128d1b,7aaebab0b170f465,REQUIRES,15,毫升,
2f0fdf5c9ac3af9c,3d2c24a9e6128d1b,6c5c045699acc7c7,REQUIRES,15,毫升,
af85cc29f0747bd9,3d2c24a9e6128d1b,e8bcc068d615b879,REQUIRES,15,毫升,
506cc78fd121d9b3,3d2c24a9e6128d1b,e9753057738c45fc,REQUIRES,15,毫升,
355039fa0c728f3d,3d2c24a9e6128d1b,b2241cde7593e9f9,REQUIRES,15,毫升,
23429575af44fcb1,3d2c24a9e6128d1b,472270fd779190d1,REQUIRES,30,毫升,
3dd535a7026608a6,3d2c24a9e6128d1b,593da6d20ff68652,REQUIRES,20,毫升,
9100d462992f9c6c,3d2c24a9e6128d1b,7aa5a210bfa731dd,REQUIRES,75,毫升,
49df708338ddd16c,3d2c24a9e6128d1b,e440a12f0187280b,REQUIRES,1,个,
1b0a265a435b6594,3d2c24a9e6128d1b,7ae4601f5e1ed8e3,REQUIRES,100,克,
d0de7f25adbc61b5,3d2c24a9e6128d1b,8c34139cb8984d46,CONTAINS_STEP,,,1.0
9a1ca08e307a8f77,3d2c24a9e6128d1b,b3e5e843cbf599ba,CONTAINS_STEP,,,2.0
39da6bdd6442fa0d,3d2c24a9e6128d1b,debe0fed84eea37f,CONTAINS_STEP,,,3.0
6a7e9ce391f94eda,3d2c24a9e6128d1b,885d407b537c84b7,CONTAINS_STEP,,,4.0
81a2cb4185ff33d0,3d2c24a9e6128d1b,10ac01d93a798ef3,CONTAINS_STEP,,,5.0
cb72d2be168615dc,3d2c24a9e6128d1b,0fa75c3a4f26ada9,CONTAINS_STEP,,,6.0
f54f0aca5b8b86b2,3d2c24a9e6128d1b,8aa7ef6c26015210,BELONGS_TO_CATEGORY,,,
fd5d6c2915d57219,3d2c24a9e6128d1b,90fbf75112044729,HAS_DIFFICULTY_LEVEL,,,
07377f241c905a86,cab2fc63a5052cdf,8d01d5e98109e11a,REQUIRES,180,克,
ce5f3e23b401d858,cab2fc63a5052cdf,4cb1138fbf940956,REQUIRES,80,克,
32d359c6e9b3494b,cab2fc63a5052cdf,6ba3d74551e5a654,REQUIRES,150,克,
bc548de3bbbf081e,cab2fc63a5052cdf,6d0ebca0d8c5aa0e,REQUIRES,300,克,
1ad9650a1a7ec8e3,cab2fc63a5052cdf,591bba36f3a09e1c,REQUIRES,10-15,毫升,
a00a17937afc695b,cab2fc63a5052cdf,4cae28c8f47dc509,CONTAINS_STEP,,,1.0
4f63da269b377ca4,cab2fc63a5052cdf,3d7c003319784c92,CONTAINS_STEP,,,2.0
c29e21c5c27b2573,cab2fc63a5052cdf,8041026d5081849e,CONTAINS_STEP,,,3.0
1405b6472261f6a8,cab2fc63a5052cdf,4d6ddb3f9123c90d,CONTAINS_STEP,,,4.0
700df08048f038dd,cab2fc63a5052cdf,631745cd7274f857,CONTAINS_STEP,,,5.0
9ec165346c3910d9,cab2fc63a5052cdf,219663b23052ce6d,CONTAINS_STEP,,,6.0
2758405cc4950c2a,cab2fc63a5052cdf,bb8424b340ea55d1,BELONGS_TO_CATEGORY,,,
221491dfa525f49b,cab2fc63a5052cdf,d7efdbae0a6483af,HAS_DIFFICULTY_LEVEL,,,
55a1d8ecda9cc879,08b06913ca4bcbf9,d9bcc989bea6d56e,REQUIRES,200,克,
8d142dfbd6795e98,08b06913ca4bcbf9,b583c338842ea3b6,REQUIRES,150,毫升,
cd66d0fc0243f763,08b06913ca4bcbf9,4e26da90a87eccec,REQUIRES,2-3,毫升,
2209b5bbd6aecd7f,08b06913ca4bcbf9,404a46d8806e1de2,REQUIRES,250,克,
2b6ebddef8e2df17,08b06913ca4bcbf9,37bbd6b481ecc535,REQUIRES,20,克,
689d11e9736e0e2c,08b06913ca4bcbf9,be1a7c309fe2740b,REQUIRES,3,克,
3e22b38b37db6c41,08b06913ca4bcbf9,1e2a144c462b1349,REQUIRES,15,克,
d36474245202677b,08b06913ca4bcbf9,012f941f126fbf2c,REQUIRES,3,克,
5c0d44acfff56d73,08b06913ca4bcbf9,99600898266742b1,REQUIRES,2,毫升,
b7669ea067db6838,08b06913ca4bcbf9,6062648b34c8fd88,REQUIRES,2,毫升,
fe6595c59afdde07,08b06913ca4bcbf9,8eacb18b6bdddbdf,REQUIRES,2,毫升,
ab0309ba5dee90e1,08b06913ca4bcbf9,8d8c7cfe7130f3a0,REQUIRES,1,个,
e7e6f37e838adbf7,08b06913ca4bcbf9,8d5026173a49e09d,REQUIRES,,,
baa3779bb8dfeb21,08b06913ca4bcbf9,e2d17a64f20641d2,CONTAINS_STEP,,,1.0
2899c422a6e14196,08b06913ca4bcbf9,468dad2fcb14ab8e,CONTAINS_STEP,,,2.0
e11812dbf82c0707,08b06913ca4bcbf9,1365b41102026e8a,CONTAINS_STEP,,,3.0
fd2f8d64c52cf59c,08b06913ca4bcbf9,649731f804b8795c,CONTAINS_STEP,,,4.0
c4d869db27fea70b,08b06913ca4bcbf9,0883e6a4ce14e55c,CONTAINS_STEP,,,5.0
5c99f6b41eed5fe7,08b06913ca4bcbf9,048578d928e2f2c6,CONTAINS_STEP,,,6.0
10ab8eb29b0d0a54,08b06913ca4bcbf9,c5d460060f505830,CONTAINS_STEP,,,7.0
84ad5b7dd6c63508,08b06913ca4bcbf9,63be315acc53b866,CONTAINS_STEP,,,8.0
47eb28aff6420ea6,08b06913ca4bcbf9,fa9142d9cedb6db4,CONTAINS_STEP,,,9.0
d0dd556af6836e96,08b06913ca4bcbf9,ebb1cc9f92a9faa8,CONTAINS_STEP,,,10.0
55f32e3285a8ec1c,08b06913ca4bcbf9,bb8424b340ea55d1,BELONGS_TO_CATEGORY,,,
42cfa1e9c495fb27,08b06913ca4bcbf9,590fd0209cbc7d63,HAS_DIFFICULTY_LEVEL,,,
2ef2c78ded7b2a5f,df3193c840da51b3,c8788dbf0cb55e4c,REQUIRES,115,克,
fd42999e56132df3,df3193c840da51b3,c4c861a331203d3a,REQUIRES,2,个,
851c5af761687a56,df3193c840da51b3,fd13e5881d4211a1,REQUIRES,1,根,
4e2c47a57f80195b,df3193c840da51b3,6ba3d74551e5a654,REQUIRES,2,个,
f4a7d044be707bd4,df3193c840da51b3,d5cc41974e16a274,REQUIRES,2,斤,
7dad865ca41b12db,df3193c840da51b3,ee172d1e1d07d204,REQUIRES,2-3,瓣,
62a450b341d201c6,df3193c840da51b3,4ea9a5d1d1e94cf0,CONTAINS_STEP,,,1.0
e432bd3438b5d953,df3193c840da51b3,b06d5ec852bf94d6,CONTAINS_STEP,,,2.0
b2c70d183bc226d7,df3193c840da51b3,7df805f576419c3e,CONTAINS_STEP,,,3.0
c6f7740b3f52ef66,df3193c840da51b3,2b14bda385672248,CONTAINS_STEP,,,4.0
58d66e7b0d96883e,df3193c840da51b3,3a8c6c95c477202c,CONTAINS_STEP,,,5.0
d7fc24039708ec7a,df3193c840da51b3,c6900df944470f28,CONTAINS_STEP,,,6.0
5a5efded75eb44cb,df3193c840da51b3,d5a3916ec7935a22,CONTAINS_STEP,,,7.0
b385ca1b71dc4816,df3193c840da51b3,bb8424b340ea55d1,BELONGS_TO_CATEGORY,,,
297a5b3e4f5be8f2,df3193c840da51b3,8ffff47d4d8a1bba,HAS_DIFFICULTY_LEVEL,,,
625ce999bbdb9fa9,d01fb58c10c074ab,939ac6bc5c93cd4c,REQUIRES,70-230,克,
e4a2d67dc2b612f7,d01fb58c10c074ab,b583c338842ea3b6,REQUIRES,200-400,毫升,
964e38ec9b287eea,d01fb58c10c074ab,4f6e4c0cda5a2cc7,REQUIRES,,,
16f94adf6ac5ea18,d01fb58c10c074ab,f9bc721636737d36,CONTAINS_STEP,,,1.0
dc79d6c4d4371810,d01fb58c10c074ab,9c21c9b75405944d,CONTAINS_STEP,,,2.0
ff8970c4b536d626,d01fb58c10c074ab,4071aa5547b6d405,CONTAINS_STEP,,,3.0
afcdc58edbc85aad,d01fb58c10c074ab,30a475014ef49511,CONTAINS_STEP,,,4.0
7d4c2533d894ef0a,d01fb58c10c074ab,5d522694745df271,CONTAINS_STEP,,,5.0
6a23185fa51c697f,d01fb58c10c074ab,969ffb588ca53db5,CONTAINS_STEP,,,6.0
4bb42352a210f920,d01fb58c10c074ab,d1453222f90bec36,CONTAINS_STEP,,,7.0
008830ddd698ec4d,d01fb58c10c074ab,bb8424b340ea55d1,BELONGS_TO_CATEGORY,,,
8f828503ba1ef57a,d01fb58c10c074ab,90fbf75112044729,HAS_DIFFICULTY_LEVEL,,,
73f81a37292c9714,c04c1e48cdee7433,249c3cf54149536a,REQUIRES,250,克,
d6c86e4ff44b9e14,c04c1e48cdee7433,cecdc93bc1a2aa78,REQUIRES,,,
596a5a19a04981c3,c04c1e48cdee7433,f4daafcdee22b1f2,REQUIRES,,,
5ec7251a39867da0,c04c1e48cdee7433,012f941f126fbf2c,REQUIRES,10,克,
ee17deec1d5fe96c,c04c1e48cdee7433,90e30825c05a7213,REQUIRES,2,克,
59fd107c0ed62db0,c04c1e48cdee7433,c58ebb601076aef8,REQUIRES,10,毫升,
95aa6822fd03c45a,c04c1e48cdee7433,8eacb18b6bdddbdf,REQUIRES,15,毫升,
cfe08463e0f831eb,c04c1e48cdee7433,5c892ba5ba5ddd13,REQUIRES,3,克,
2d537e42abbc30e7,c04c1e48cdee7433,02e1eabcea426568,REQUIRES,,,
c50ff0f7bce6e29a,c04c1e48cdee7433,578b346583062740,REQUIRES,30,克,
feb30e1f5dd508c0,c04c1e48cdee7433,5f62b3d6a94d4891,REQUIRES,30,克,
cf34c7b98d202e6c,c04c1e48cdee7433,17e0e42420c439f5,REQUIRES,30,克,
a2dd6cb3d04785a9,c04c1e48cdee7433,8d8c7cfe7130f3a0,REQUIRES,1,个,
6ac455a9f5c6c5e3,c04c1e48cdee7433,8acd5572753a0cd8,REQUIRES,2,个,
d33b08b2b9fb4d24,c04c1e48cdee7433,fd3a4723e62d2b32,REQUIRES,1,根,
59226fd4cdde08bf,c04c1e48cdee7433,2cdc8e1f9aefc7b2,REQUIRES,5,克,
762f0edfc34762e5,c04c1e48cdee7433,591bba36f3a09e1c,REQUIRES,,,
d931013885076f60,c04c1e48cdee7433,4158034756cf465e,REQUIRES,20,克,
137de44f7a9575e1,c04c1e48cdee7433,36536973f1f8adfb,CONTAINS_STEP,,,1.0
ae9cba0e727269cb,c04c1e48cdee7433,afd67edd6f2bc2b6,CONTAINS_STEP,,,2.0
3d09a5253e576d51,c04c1e48cdee7433,ac7841e363c8f343,CONTAINS_STEP,,,3.0
5b811d72595fa7ac,c04c1e48cdee7433,e1cafe712d426b2b,CONTAINS_STEP,,,4.0
be498004785be85c,c04c1e48cdee7433,1b8de41c02afe646,CONTAINS_STEP,,,5.0
e6932031e4bbdae4,c04c1e48cdee7433,a16fe731c724f28e,CONTAINS_STEP,,,6.0
a200989a63fab90b,c04c1e48cdee7433,9bb2e36bb55926db,CONTAINS_STEP,,,7.0
903fe81a63416456,c04c1e48cdee7433,bb8424b340ea55d1,BELONGS_TO_CATEGORY,,,
eac7103b47eee901,c04c1e48cdee7433,8ffff47d4d8a1bba,HAS_DIFFICULTY_LEVEL,,,
ebbfc7711bb3ec39,7b95331831a1ca04,1be4c569e7d98ffd,REQUIRES,250,克,
ba54e6ef959117e8,7b95331831a1ca04,cecdc93bc1a2aa78,REQUIRES,50,克,
62f355183e2d9c6e,7b95331831a1ca04,a076c5b480359499,REQUIRES,50,克,
a0786e1572fd287b,7b95331831a1ca04,d59f34487a82fcd8,REQUIRES,15,克,
58120a7357de6af1,7b95331831a1ca04,630f1d19fa08b336,REQUIRES,30,克,
1f6facdb79aa1063,7b95331831a1ca04,f7e2bea0db01f3ce,REQUIRES,10,克,
d9fbbe1e6d50834d,7b95331831a1ca04,f00e325df91687b0,REQUIRES,10-20,毫升,
43a4b1e5e037a09d,7b95331831a1ca04,8eacb18b6bdddbdf,REQUIRES,15,毫升,
b39a9869e3c36faa,7b95331831a1ca04,3de857b59530ec6e,REQUIRES,5,克,
4fd8892dc70bb950,7b95331831a1ca04,15690e7b33a5c5cf,REQUIRES,5,毫升,
e00ef367c3d62310,7b95331831a1ca04,012f941f126fbf2c,REQUIRES,5,毫升,
7381f41118e0f1cf,7b95331831a1ca04,75789e58d099a674,REQUIRES,15,毫升,
378799a86dbe0197,7b95331831a1ca04,83b24b4d778a2ccd,REQUIRES,15,毫升,
d7f9bcc4a4055a8d,7b95331831a1ca04,02e1eabcea426568,REQUIRES,10,毫升,
8895186eae8dec68,7b95331831a1ca04,a0ad162829684ad0,CONTAINS_STEP,,,1.0
743f641296854382,7b95331831a1ca04,347adf0a9fb1c9d0,CONTAINS_STEP,,,2.0
bbcb27a5459ef691,7b95331831a1ca04,32a66538e8e8e297,CONTAINS_STEP,,,3.0
8313b8aa05e1d92e,7b95331831a1ca04,634664c1c1746fba,CONTAINS_STEP,,,4.0
f58ac60442d94ae3,7b95331831a1ca04,e5065c3827dd40d4,CONTAINS_STEP,,,5.0
51ab76bfb616ae4e,7b95331831a1ca04,60c258c77fe1c220,CONTAINS_STEP,,,6.0
bed2b57493dde6ff,7b95331831a1ca04,bb8424b340ea55d1,BELONGS_TO_CATEGORY,,,
4eeca872a5be575e,7b95331831a1ca04,b47f0d2431a888a2,HAS_DIFFICULTY_LEVEL,,,
337fd94f0bc131e1,9b74b814b01bfbf2,fd49bcdaa7116eac,REQUIRES,80,克,
91c700e46d3f3859,9b74b814b01bfbf2,fd3a4723e62d2b32,REQUIRES,100,克,
b845c11ea190c277,9b74b814b01bfbf2,591bba36f3a09e1c,REQUIRES,100,毫升,
b310b4ad5bccdd32,9b74b814b01bfbf2,8eacb18b6bdddbdf,REQUIRES,60,毫升,
30a00ba26090e1d6,9b74b814b01bfbf2,c58ebb601076aef8,REQUIRES,20,毫升,
d7ee41ebbd84f9f8,9b74b814b01bfbf2,3de857b59530ec6e,REQUIRES,15,克,
dd8662744224deed,9b74b814b01bfbf2,797a0db16b8e9987,CONTAINS_STEP,,,1.0
2322055e7ce7b662,9b74b814b01bfbf2,cfeafd696644d573,CONTAINS_STEP,,,2.0
0cd417ec67729d02,9b74b814b01bfbf2,7930a4b7c97bbabb,CONTAINS_STEP,,,3.0
0d6bfdd5ab8e80d2,9b74b814b01bfbf2,c8944b8bd24aba8b,CONTAINS_STEP,,,4.0
af778f5e7063773e,9b74b814b01bfbf2,e01686a1dc00a323,CONTAINS_STEP,,,5.0
c8b0b80954092806,9b74b814b01bfbf2,d353adcddc31f491,CONTAINS_STEP,,,6.0
ecd68a56ec407642,9b74b814b01bfbf2,bb8424b340ea55d1,BELONGS_TO_CATEGORY,,,
a11df89886f726cc,9b74b814b01bfbf2,90fbf75112044729,HAS_DIFFICULTY_LEVEL,,,
970aadd6c44ae02f,40550630c0042c0c,bf2204be93d41229,REQUIRES,500,毫升,
5759ed49e9661171,40550630c0042c0c,8d8c7cfe7130f3a0,REQUIRES,1.5,个,
8dc16614f6f9e5a9,40550630c0042c0c,2147e1d8b2d98497,REQUIRES,2,个,
b5b7bd9ae3fe32ff,40550630c0042c0c,578b346583062740,REQUIRES,30,克,
741d15c7fdbb263d,40550630c0042c0c,fd13e5881d4211a1,REQUIRES,30,克,
aaf1f22eabb770bd,40550630c0042c0c,75789e58d099a674,REQUIRES,12,毫升,
c323b09d8a2ae0a2,40550630c0042c0c,012f941f126fbf2c,REQUIRES,4-6,克,
6c0251d8aac28d8a,40550630c0042c0c,02e1eabcea426568,REQUIRES,8,克,
e5db0b7a0bb1f5cc,40550630c0042c0c,8eacb18b6bdddbdf,REQUIRES,10,毫升,
58cb27a29af40660,40550630c0042c0c,a5a896d3d1479d48,REQUIRES,1,颗,
811689689bebabf4,40550630c0042c0c,489a2e7ba2ef631b,CONTAINS_STEP,,,1.0
8e454a569a60313f,40550630c0042c0c,9b3a4eb48ddacf10,CONTAINS_STEP,,,2.0
007f44b0856e428d,40550630c0042c0c,795b63b05781e84e,CONTAINS_STEP,,,3.0
c580b5ac67b54cbd,40550630c0042c0c,fa823c7518cef1a1,CONTAINS_STEP,,,4.0
c77b2888e959c0ec,40550630c0042c0c,ac3495b9676e9966,CONTAINS_STEP,,,5.0
2f5f398f2c691846,40550630c0042c0c,6903c839e6eb2378,CONTAINS_STEP,,,6.0
a4c46a46fd9c29a4,40550630c0042c0c,bf79ce68433adf66,CONTAINS_STEP,,,7.0
5aacecb812529684,40550630c0042c0c,bb8424b340ea55d1,BELONGS_TO_CATEGORY,,,
0cd59194fcdf0712,40550630c0042c0c,b47f0d2431a888a2,HAS_DIFFICULTY_LEVEL,,,
